DEX,TokenA,TokenB,Price Token B in A,Price Token A in B,Pool Size,Slip$100kAtoB,Slip$100kBtoA,Slip$200kAtoB,Slip$200kBtoA,Slip$300kAtoB,Slip$300kBtoA,Slip$400kAtoB,Slip$400kBtoA,Slip$500kAtoB,Slip$500kBtoA,Slip$600kAtoB,Slip$600kBtoA,Slip$700kAtoB,Slip$700kBtoA,Slip$800kAtoB,Slip$800kBtoA,Slip$900kAtoB,Slip$900kBtoA,Slip$1000kAtoB,Slip$1000kBtoA,Slip$1100kAtoB,Slip$1100kBtoA,Slip$1200kAtoB,Slip$1200kBtoA,Slip$1300kAtoB,Slip$1300kBtoA,Slip$1400kAtoB,Slip$1400kBtoA,Slip$1500kAtoB,Slip$1500kBtoA,Slip$1600kAtoB,Slip$1600kBtoA,Slip$1700kAtoB,Slip$1700kBtoA,Slip$1800kAtoB,Slip$1800kBtoA,Slip$1900kAtoB,Slip$1900kBtoA,Slip$2000kAtoB,Slip$2000kBtoA,Slip$2100kAtoB,Slip$2100kBtoA,Slip$2200kAtoB,Slip$2200kBtoA,Slip$2300kAtoB,Slip$2300kBtoA,Slip$2400kAtoB,Slip$2400kBtoA,Slip$2500kAtoB,Slip$2500kBtoA,Slip$2600kAtoB,Slip$2600kBtoA,Slip$2700kAtoB,Slip$2700kBtoA,Slip$2800kAtoB,Slip$2800kBtoA,Slip$2900kAtoB,Slip$2900kBtoA,Slip$3000kAtoB,Slip$3000kBtoA,Slip$3100kAtoB,Slip$3100kBtoA,Slip$3200kAtoB,Slip$3200kBtoA,Slip$3300kAtoB,Slip$3300kBtoA,Slip$3400kAtoB,Slip$3400kBtoA,Slip$3500kAtoB,Slip$3500kBtoA,Slip$3600kAtoB,Slip$3600kBtoA,Slip$3700kAtoB,Slip$3700kBtoA,Slip$3800kAtoB,Slip$3800kBtoA,Slip$3900kAtoB,Slip$3900kBtoA,Slip$4000kAtoB,Slip$4000kBtoA,Slip$4100kAtoB,Slip$4100kBtoA,Slip$4200kAtoB,Slip$4200kBtoA,Slip$4300kAtoB,Slip$4300kBtoA,Slip$4400kAtoB,Slip$4400kBtoA,Slip$4500kAtoB,Slip$4500kBtoA,Slip$4600kAtoB,Slip$4600kBtoA,Slip$4700kAtoB,Slip$4700kBtoA,Slip$4800kAtoB,Slip$4800kBtoA,Slip$4900kAtoB,Slip$4900kBtoA,Slip$5000kAtoB,Slip$5000kBtoA,Slip$5100kAtoB,Slip$5100kBtoA,Slip$5200kAtoB,Slip$5200kBtoA,Slip$5300kAtoB,Slip$5300kBtoA,Slip$5400kAtoB,Slip$5400kBtoA,Slip$5500kAtoB,Slip$5500kBtoA,Slip$5600kAtoB,Slip$5600kBtoA,Slip$5700kAtoB,Slip$5700kBtoA,Slip$5800kAtoB,Slip$5800kBtoA,Slip$5900kAtoB,Slip$5900kBtoA,Slip$6000kAtoB,Slip$6000kBtoA,Slip$6100kAtoB,Slip$6100kBtoA,Slip$6200kAtoB,Slip$6200kBtoA,Slip$6300kAtoB,Slip$6300kBtoA,Slip$6400kAtoB,Slip$6400kBtoA,Slip$6500kAtoB,Slip$6500kBtoA,Slip$6600kAtoB,Slip$6600kBtoA,Slip$6700kAtoB,Slip$6700kBtoA,Slip$6800kAtoB,Slip$6800kBtoA,Slip$6900kAtoB,Slip$6900kBtoA,Slip$7000kAtoB,Slip$7000kBtoA,Slip$7100kAtoB,Slip$7100kBtoA,Slip$7200kAtoB,Slip$7200kBtoA,Slip$7300kAtoB,Slip$7300kBtoA,Slip$7400kAtoB,Slip$7400kBtoA,Slip$7500kAtoB,Slip$7500kBtoA,Slip$7600kAtoB,Slip$7600kBtoA,Slip$7700kAtoB,Slip$7700kBtoA,Slip$7800kAtoB,Slip$7800kBtoA,Slip$7900kAtoB,Slip$7900kBtoA,Slip$8000kAtoB,Slip$8000kBtoA,Slip$8100kAtoB,Slip$8100kBtoA,Slip$8200kAtoB,Slip$8200kBtoA,Slip$8300kAtoB,Slip$8300kBtoA,Slip$8400kAtoB,Slip$8400kBtoA,Slip$8500kAtoB,Slip$8500kBtoA,Slip$8600kAtoB,Slip$8600kBtoA,Slip$8700kAtoB,Slip$8700kBtoA,Slip$8800kAtoB,Slip$8800kBtoA,Slip$8900kAtoB,Slip$8900kBtoA,Slip$9000kAtoB,Slip$9000kBtoA,Slip$9100kAtoB,Slip$9100kBtoA,Slip$9200kAtoB,Slip$9200kBtoA,Slip$9300kAtoB,Slip$9300kBtoA,Slip$9400kAtoB,Slip$9400kBtoA,Slip$9500kAtoB,Slip$9500kBtoA,Slip$9600kAtoB,Slip$9600kBtoA,Slip$9700kAtoB,Slip$9700kBtoA,Slip$9800kAtoB,Slip$9800kBtoA,Slip$9900kAtoB,Slip$9900kBtoA,Slip$10000kAtoB,Slip$10000kBtoA

Uniswap V3,WBTC,USDC,0.00002144596,46572.21089268762,3725840.05,-0.97,-0.48,-1.90,-0.53,-2.92,-0.56,-4.00,-0.58,-5.11,-0.60,-6.23,-0.62,-7.34,-0.64,-8.47,-0.65,-9.63,-0.67,-10.86,-0.69,-13.02,-0.71,-16.44,-0.72,-21.16,-0.74,-26.79,-0.76,-31.67,-0.78,-35.94,-0.79,-39.71,-0.81,-43.06,-0.83,-46.05,-0.84,-48.75,-0.86,-51.19,-0.88,-53.41,-0.89,-55.43,-0.91,-57.29,-0.93,-59.00,-1.01,-60.58,-1.46,-62.04,-2.57,-63.39,-4.57,-64.65,-7.65,-65.83,-10.72,-66.94,-13.60,-67.97,-16.30,-68.94,-18.84,-69.85,-21.23,-70.71,-23.48,-71.53,-25.60,-72.30,-27.61,-73.03,-29.52,-73.72,-31.33,-74.37,-33.04,-75.00,-34.68,-75.59,-36.23,-76.16,-37.71,-76.70,-39.13,-77.22,-40.48,-77.72,-41.78,-78.19,-43.02,-78.65,-44.20,-79.08,-45.34,-79.50,-46.43,-79.90,-47.48,-80.29,-48.49,-80.66,-49.47,-81.02,-50.40,-81.36,-51.30,-81.70,-52.17,-82.02,-53.01,-82.33,-53.82,-82.63,-54.61,-82.92,-55.36,-83.20,-56.09,-83.47,-56.80,-83.73,-57.49,-83.98,-58.15,-84.23,-58.80,-84.47,-59.42,-84.70,-60.03,-84.93,-60.61,-85.14,-61.18,-85.36,-61.74,-85.56,-62.28,-85.76,-62.80,-85.96,-63.31,-86.15,-63.81,-86.33,-64.29,-86.51,-64.76,-86.69,-65.22,-86.86,-65.66,-87.03,-66.10,-87.19,-66.52,-87.35,-66.93,-87.50,-67.34,-87.65,-67.73,-87.80,-68.12,-87.94,-68.49,-88.08,-68.86,-88.22,-69.22,-88.35,-69.56,-88.48,-69.91,-88.61,-70.24,-88.74,-70.57,-88.86,-70.89,-88.98,-71.20,-89.10,-71.51,-89.21,-71.81,-89.32,-72.10,-89.43,-72.39,-89.54,-72.67,-89.65,-72.95,-89.75,-73.22
Uniswap V3,PEPE,WETH,1976069571.4644907,5.029390808092801e-10,3059130.22,-0.90,-0.77,-2.34,-1.52,-3.96,-2.28,-5.68,-3.03,-9.36,-3.81,-21.74,-4.64,-32.85,-5.49,-41.23,-6.32,-47.75,-7.13,-52.97,-7.93,-57.25,-8.70,-60.81,-9.47,-63.82,-10.23,-66.40,-10.97,-68.64,-11.70,-70.60,-12.41,-72.33,-13.10,-73.87,-13.78,-75.24,-14.45,-76.48,-15.10,-77.60,-15.75,-78.62,-16.38,-79.55,-17.03,-80.40,-17.71,-81.18,-18.42,-81.91,-19.14,-82.58,-19.92,-83.20,-20.73,-83.78,-21.71,-84.32,-22.96,-84.83,-24.45,-85.30,-26.14,-85.75,-27.99,-86.16,-29.87,-86.56,-31.72,-86.93,-33.51,-87.29,-35.23,-87.62,-36.88,-87.94,-38.46,-88.24,-39.96,-88.53,-41.40,-88.80,-42.78,-89.06,-44.09,-89.31,-45.35,-89.55,-46.55,-89.77,-47.70,-89.99,-48.81,-90.20,-49.87,-90.40,-50.89,-90.59,-51.87,-90.78,-52.81,-90.95,-53.72,-91.12,-54.59,-91.29,-55.43,-91.45,-56.24,-91.60,-57.02,-91.75,-57.77,-91.89,-58.50,-92.03,-59.20,-92.16,-59.88,-92.29,-60.54,-92.41,-61.18,-92.53,-61.79,-92.65,-62.39,-92.76,-62.97,-92.87,-63.53,-92.98,-64.07,-93.08,-64.60,-93.18,-65.11,-93.28,-65.61,-93.37,-66.10,-93.47,-66.57,-93.56,-67.03,-93.64,-67.47,-93.73,-67.90,-93.81,-68.33,-93.89,-68.74,-93.97,-69.14,-94.05,-69.53,-94.12,-69.91,-94.19,-70.28,-94.26,-70.64,-94.33,-71.00,-94.40,-71.34,-94.47,-71.68,-94.53,-72.01,-94.59,-72.33,-94.65,-72.65,-94.71,-72.95,-94.77,-73.25,-94.83,-73.55,-94.89,-73.83,-94.94,-74.12,-95.00,-74.39,-95.05,-74.66,-95.10,-74.92,-95.15,-75.18,-95.20,-75.44,-95.25,-75.68,-95.30,-75.93
Uniswap V3,SOL,WETH,22.79898417929704,0.04359403932223719,2834273.56,-0.54,-0.54,-1.08,-1.09,-1.61,-1.76,-2.13,-2.53,-2.63,-3.36,-3.13,-4.20,-3.63,-5.09,-4.13,-6.04,-4.62,-7.08,-5.12,-8.22,-5.63,-9.47,-6.26,-10.83,-7.21,-12.38,-8.46,-15.17,-9.95,-20.52,-11.71,-25.49,-13.75,-29.87,-16.01,-33.76,-18.48,-37.25,-21.72,-40.39,-25.44,-43.22,-28.83,-45.80,-31.92,-48.16,-34.76,-50.32,-37.37,-52.31,-39.78,-54.14,-42.01,-55.84,-44.08,-57.42,-46.01,-58.89,-47.81,-60.26,-49.49,-61.54,-51.07,-62.74,-52.55,-63.87,-53.95,-64.93,-55.26,-65.93,-56.51,-66.88,-57.68,-67.78,-58.80,-68.62,-59.85,-69.43,-60.86,-70.19,-61.81,-70.92,-62.72,-71.61,-63.59,-72.27,-64.41,-72.90,-65.20,-73.50,-65.96,-74.08,-66.69,-74.63,-67.38,-75.16,-68.05,-75.67,-68.68,-76.15,-69.30,-76.62,-69.89,-77.07,-70.46,-77.50,-71.00,-77.92,-71.53,-78.32,-72.04,-78.71,-72.53,-79.08,-73.00,-79.44,-73.46,-79.79,-73.90,-80.13,-74.33,-80.45,-74.75,-80.77,-75.15,-81.07,-75.53,-81.37,-75.91,-81.66,-76.28,-81.93,-76.63,-82.20,-76.97,-82.47,-77.31,-82.72,-77.63,-82.97,-77.95,-83.21,-78.25,-83.44,-78.55,-83.67,-78.84,-83.89,-79.12,-84.10,-79.40,-84.31,-79.67,-84.52,-79.93,-84.71,-80.18,-84.91,-80.43,-85.10,-80.67,-85.28,-80.90,-85.46,-81.14,-85.63,-81.36,-85.81,-81.58,-85.97,-81.79,-86.14,-82.00,-86.30,-82.21,-86.45,-82.41,-86.60,-82.60,-86.75,-82.79,-86.90,-82.98,-87.04,-83.16,-87.18,-83.34,-87.32,-83.52,-87.45,-83.69,-87.58,-83.86,-87.71,-84.02,-87.83,-84.18,-87.96,-84.34,-88.08
Uniswap V3,ALPH,USDT,0.41371111045512066,2.3680978529,1459831.80,-1.87,-1.89,-4.14,-3.39,-7.51,-4.84,-12.76,-6.26,-18.78,-7.64,-24.60,-8.96,-30.00,-10.23,-34.91,-11.46,-41.27,-12.66,-47.14,-13.86,-51.95,-15.96,-55.95,-22.34,-59.34,-28.31,-62.24,-33.43,-64.76,-37.87,-66.96,-41.75,-68.91,-45.18,-70.63,-48.23,-72.18,-50.95,-73.57,-53.40,-74.83,-55.62,-75.97,-57.64,-77.02,-59.48,-77.98,-61.17,-78.86,-62.72,-79.67,-64.16,-80.42,-65.48,-81.12,-66.72,-81.77,-67.86,-82.38,-68.94,-82.95,-69.94,-83.48,-70.88,-83.98,-71.76,-84.45,-72.59,-84.90,-73.37,-85.32,-74.11,-85.71,-74.81,-86.09,-75.48,-86.45,-76.10,-86.79,-76.70,-87.11,-77.27,-87.41,-77.81,-87.71,-78.33,-87.99,-78.82,-88.25,-79.29,-88.51,-79.74,-88.75,-80.17,-88.99,-80.58,-89.21,-80.98,-89.43,-81.36,-89.64,-81.73,-89.83,-82.08,-90.03,-82.42,-90.21,-82.74,-90.39,-83.06,-90.56,-83.36,-90.73,-83.65,-90.89,-83.93,-91.04,-84.20,-91.19,-84.47,-91.33,-84.72,-91.47,-84.97,-91.61,-85.21,-91.74,-85.44,-91.87,-85.66,-91.99,-85.88,-92.11,-86.09,-92.23,-86.29,-92.34,-86.49,-92.45,-86.69,-92.56,-86.87,-92.66,-87.06,-92.76,-87.23,-92.86,-87.41,-92.95,-87.57,-93.04,-87.74,-93.14,-87.90,-93.22,-88.05,-93.31,-88.20,-93.39,-88.35,-93.47,-88.49,-93.55,-88.63,-93.63,-88.77,-93.71,-88.91,-93.78,-89.04,-93.85,-89.16,-93.92,-89.29,-93.99,-89.41,-94.06,-89.53,-94.13,-89.65,-94.19,-89.76,-94.25,-89.87,-94.32,-89.98,-94.38,-90.09,-94.44,-90.19,-94.49,-90.29,-94.55,-90.39,-94.61,-90.49,-94.66,-90.59,-94.71,-90.68
Uniswap V3,ARB,WETH,1286.4591100101036,0.0007722997152829178,1324072.51,-2.35,-2.32,-4.89,-4.53,-7.95,-6.59,-11.13,-8.65,-14.24,-10.97,-17.04,-13.92,-19.59,-17.59,-22.06,-22.05,-28.06,-27.25,-35.25,-34.51,-41.14,-40.47,-46.04,-45.43,-50.19,-49.63,-53.75,-53.22,-56.83,-56.34,-59.53,-59.07,-61.91,-61.48,-64.03,-63.62,-65.92,-65.53,-67.62,-67.26,-69.17,-68.82,-70.57,-70.23,-71.85,-71.53,-73.02,-72.71,-74.10,-73.81,-75.10,-74.81,-76.02,-75.75,-76.87,-76.61,-77.67,-77.42,-78.42,-78.17,-79.11,-78.88,-79.77,-79.54,-80.38,-80.16,-80.96,-80.74,-81.50,-81.29,-82.01,-81.81,-82.50,-82.30,-82.96,-82.77,-83.40,-83.21,-83.81,-83.63,-84.21,-84.03,-84.58,-84.41,-84.94,-84.77,-85.28,-85.12,-85.61,-85.45,-85.92,-85.76,-86.22,-86.07,-86.51,-86.36,-86.79,-86.64,-87.05,-86.90,-87.30,-87.16,-87.55,-87.41,-87.78,-87.64,-88.01,-87.87,-88.23,-88.09,-88.44,-88.31,-88.64,-88.51,-88.84,-88.71,-89.03,-88.90,-89.21,-89.09,-89.39,-89.26,-89.56,-89.44,-89.72,-89.61,-89.88,-89.77,-90.04,-89.93,-90.19,-90.08,-90.34,-90.23,-90.48,-90.37,-90.62,-90.51,-90.75,-90.64,-90.88,-90.78,-91.01,-90.90,-91.13,-91.03,-91.25,-91.15,-91.37,-91.27,-91.48,-91.38,-91.59,-91.50,-91.70,-91.60,-91.80,-91.71,-91.91,-91.81,-92.01,-91.92,-92.10,-92.01,-92.20,-92.11,-92.29,-92.20,-92.38,-92.30,-92.47,-92.39,-92.56,-92.47,-92.64,-92.56,-92.72,-92.64,-92.81,-92.72,-92.88,-92.80,-92.96,-92.88,-93.04,-92.96,-93.11,-93.03,-93.18,-93.11,-93.26,-93.18,-93.32,-93.25,-93.39,-93.32,-93.46,-93.39,-93.52,-93.45
Uniswap V2,ATOR,WETH,2039.347090919417,0.00048695286792995016,4200826.30,-4.53,-4.44,-8.71,-8.54,-12.54,-12.31,-16.06,-15.78,-19.31,-18.98,-22.32,-21.95,-25.11,-24.71,-27.70,-27.28,-30.12,-29.68,-32.39,-31.92,-34.51,-34.03,-36.51,-36.01,-38.38,-37.88,-40.15,-39.64,-41.82,-41.30,-43.40,-42.88,-44.90,-44.37,-46.32,-45.79,-47.66,-47.13,-48.94,-48.41,-50.16,-49.63,-51.33,-50.79,-52.44,-51.91,-53.50,-52.97,-54.51,-53.98,-55.48,-54.96,-56.41,-55.89,-57.31,-56.78,-58.16,-57.64,-58.99,-58.47,-59.78,-59.26,-60.54,-60.03,-61.27,-60.76,-61.98,-61.47,-62.66,-62.16,-63.32,-62.82,-63.95,-63.46,-64.56,-64.07,-65.15,-64.67,-65.73,-65.24,-66.28,-65.80,-66.82,-66.34,-67.34,-66.87,-67.84,-67.37,-68.33,-67.87,-68.80,-68.34,-69.26,-68.81,-69.71,-69.26,-70.14,-69.69,-70.56,-70.12,-70.97,-70.53,-71.37,-70.94,-71.76,-71.33,-72.14,-71.71,-72.51,-72.08,-72.86,-72.44,-73.21,-72.79,-73.55,-73.13,-73.88,-73.47,-74.21,-73.80,-74.52,-74.11,-74.83,-74.42,-75.13,-74.73,-75.42,-75.02,-75.71,-75.31,-75.99,-75.60,-76.26,-75.87,-76.53,-76.14,-76.79,-76.41,-77.05,-76.67,-77.30,-76.92,-77.54,-77.17,-77.78,-77.41,-78.01,-77.65,-78.24,-77.88,-78.47,-78.10,-78.69,-78.33,-78.90,-78.55,-79.11,-78.76,-79.32,-78.97,-79.52,-79.18,-79.72,-79.38,-79.92,-79.57,-80.11,-79.77,-80.30,-79.96,-80.48,-80.15,-80.66,-80.33,-80.84,-80.51,-81.02,-80.69,-81.19,-80.86,-81.36,-81.03,-81.52,-81.20,-81.68,-81.36,-81.84,-81.52,-82.00,-81.68,-82.15,-81.84,-82.30,-81.99,-82.45,-82.14,-82.60,-82.29,-82.74,-82.44
Uniswap V2,$PAAL,WETH,14629.89616856721,0.00006787044026166175,3696591.73,-5.06,-5.08,-9.67,-9.71,-13.86,-13.91,-17.67,-17.73,-21.16,-21.24,-24.37,-24.45,-27.33,-27.41,-30.06,-30.15,-32.60,-32.69,-34.96,-35.05,-37.15,-37.26,-39.21,-39.31,-41.13,-41.24,-42.94,-43.05,-44.64,-44.75,-46.24,-46.35,-47.75,-47.86,-49.18,-49.29,-50.53,-50.64,-51.82,-51.92,-53.03,-53.14,-54.19,-54.30,-55.29,-55.40,-56.34,-56.45,-57.34,-57.45,-58.30,-58.41,-59.22,-59.32,-60.09,-60.20,-60.93,-61.03,-61.73,-61.84,-62.51,-62.61,-63.25,-63.35,-63.96,-64.06,-64.65,-64.75,-65.31,-65.40,-65.94,-66.04,-66.55,-66.65,-67.14,-67.24,-67.72,-67.81,-68.27,-68.36,-68.80,-68.89,-69.31,-69.41,-69.81,-69.90,-70.30,-70.39,-70.76,-70.85,-71.22,-71.30,-71.65,-71.74,-72.08,-72.17,-72.49,-72.58,-72.89,-72.98,-73.28,-73.37,-73.66,-73.75,-74.03,-74.11,-74.39,-74.47,-74.74,-74.82,-75.07,-75.16,-75.40,-75.49,-75.73,-75.81,-76.04,-76.12,-76.34,-76.42,-76.64,-76.72,-76.93,-77.01,-77.21,-77.29,-77.49,-77.57,-77.76,-77.83,-78.02,-78.10,-78.28,-78.35,-78.53,-78.60,-78.77,-78.85,-79.01,-79.09,-79.25,-79.32,-79.48,-79.55,-79.70,-79.77,-79.92,-79.99,-80.14,-80.20,-80.35,-80.41,-80.55,-80.62,-80.75,-80.82,-80.95,-81.02,-81.14,-81.21,-81.33,-81.40,-81.52,-81.58,-81.70,-81.77,-81.88,-81.94,-82.05,-82.12,-82.22,-82.29,-82.39,-82.46,-82.56,-82.62,-82.72,-82.78,-82.88,-82.94,-83.04,-83.10,-83.19,-83.25,-83.34,-83.40,-83.49,-83.55,-83.63,-83.69,-83.78,-83.84,-83.92,-83.98,-84.05,-84.11,-84.19,-84.25,-84.32,-84.38
Uniswap V2,RSTK,WETH,1396.19588572957,0.0007107114616740876,2306314.10,-7.87,-7.88,-14.66,-14.68,-20.51,-20.54,-25.62,-25.65,-30.10,-30.14,-34.08,-34.12,-37.63,-37.67,-40.82,-40.86,-43.69,-43.73,-46.30,-46.34,-48.68,-48.72,-50.86,-50.90,-52.86,-52.90,-54.70,-54.74,-56.40,-56.45,-57.99,-58.03,-59.46,-59.50,-60.83,-60.87,-62.11,-62.15,-63.31,-63.35,-64.43,-64.47,-65.49,-65.53,-66.49,-66.53,-67.43,-67.47,-68.32,-68.36,-69.17,-69.20,-69.97,-70.00,-70.72,-70.76,-71.45,-71.48,-72.13,-72.17,-72.79,-72.82,-73.41,-73.44,-74.01,-74.04,-74.58,-74.61,-75.12,-75.16,-75.65,-75.68,-76.15,-76.18,-76.63,-76.66,-77.09,-77.12,-77.54,-77.57,-77.96,-77.99,-78.37,-78.40,-78.77,-78.80,-79.15,-79.18,-79.52,-79.55,-79.88,-79.90,-80.22,-80.25,-80.55,-80.58,-80.87,-80.90,-81.18,-81.21,-81.49,-81.51,-81.78,-81.80,-82.06,-82.08,-82.33,-82.36,-82.60,-82.62,-82.86,-82.88,-83.11,-83.13,-83.35,-83.37,-83.58,-83.61,-83.81,-83.84,-84.04,-84.06,-84.25,-84.28,-84.46,-84.49,-84.67,-84.69,-84.87,-84.89,-85.07,-85.09,-85.26,-85.28,-85.44,-85.46,-85.62,-85.64,-85.80,-85.82,-85.97,-85.99,-86.14,-86.16,-86.30,-86.32,-86.46,-86.48,-86.62,-86.64,-86.77,-86.79,-86.92,-86.94,-87.07,-87.08,-87.21,-87.23,-87.35,-87.37,-87.48,-87.50,-87.62,-87.64,-87.75,-87.77,-87.88,-87.90,-88.00,-88.02,-88.13,-88.14,-88.25,-88.26,-88.36,-88.38,-88.48,-88.50,-88.59,-88.61,-88.71,-88.72,-88.81,-88.83,-88.92,-88.94,-89.03,-89.04,-89.13,-89.15,-89.23,-89.25,-89.33,-89.35,-89.43,-89.44,-89.52,-89.54,-89.62,-89.63
Uniswap V2,$Reach,WETH,21384.013491091904,0.00004617467294245221,596814.94,-24.90,-24.69,-39.99,-39.72,-50.03,-49.75,-57.19,-56.92,-62.56,-62.30,-66.73,-66.48,-70.07,-69.83,-72.79,-72.57,-75.06,-74.86,-76.99,-76.79,-78.63,-78.45,-80.06,-79.88,-81.31,-81.14,-82.41,-82.25,-83.39,-83.23,-84.26,-84.11,-85.05,-84.91,-85.76,-85.63,-86.41,-86.28,-87.00,-86.88,-87.54,-87.42,-88.04,-87.93,-88.50,-88.39,-88.93,-88.82,-89.33,-89.22,-89.69,-89.59,-90.04,-89.94,-90.36,-90.26,-90.66,-90.57,-90.94,-90.85,-91.21,-91.12,-91.46,-91.37,-91.70,-91.61,-91.92,-91.84,-92.14,-92.06,-92.34,-92.26,-92.53,-92.45,-92.71,-92.64,-92.89,-92.81,-93.05,-92.98,-93.21,-93.14,-93.36,-93.29,-93.50,-93.44,-93.64,-93.58,-93.78,-93.71,-93.90,-93.84,-94.02,-93.96,-94.14,-94.08,-94.25,-94.19,-94.36,-94.30,-94.47,-94.41,-94.57,-94.51,-94.67,-94.61,-94.76,-94.70,-94.85,-94.79,-94.94,-94.88,-95.02,-94.97,-95.10,-95.05,-95.18,-95.13,-95.26,-95.21,-95.33,-95.28,-95.40,-95.35,-95.47,-95.43,-95.54,-95.49,-95.61,-95.56,-95.67,-95.62,-95.73,-95.69,-95.79,-95.75,-95.85,-95.81,-95.91,-95.86,-95.96,-95.92,-96.02,-95.97,-96.07,-96.03,-96.12,-96.08,-96.17,-96.13,-96.22,-96.18,-96.27,-96.23,-96.31,-96.27,-96.36,-96.32,-96.40,-96.36,-96.44,-96.41,-96.49,-96.45,-96.53,-96.49,-96.57,-96.53,-96.61,-96.57,-96.64,-96.61,-96.68,-96.65,-96.72,-96.68,-96.75,-96.72,-96.79,-96.75,-96.82,-96.79,-96.86,-96.82,-96.89,-96.85,-96.92,-96.89,-96.95,-96.92,-96.98,-96.95,-97.01,-96.98,-97.04,-97.01,-97.07,-97.04,-97.10,-97.07
SushiSwap,ALCX,WETH,88.5971148549088,0.011209721111876163,4606217.81,-4.09,-4.12,-7.90,-7.95,-11.42,-11.49,-14.68,-14.77,-17.71,-17.81,-20.53,-20.64,-23.16,-23.28,-25.62,-25.76,-27.94,-28.08,-30.11,-30.25,-32.15,-32.30,-34.08,-34.24,-35.90,-36.06,-37.63,-37.79,-39.26,-39.43,-40.81,-40.98,-42.28,-42.45,-43.69,-43.86,-45.02,-45.19,-46.29,-46.47,-47.51,-47.68,-48.67,-48.84,-49.78,-49.96,-50.85,-51.02,-51.87,-52.04,-52.85,-53.02,-53.79,-53.96,-54.69,-54.86,-55.56,-55.73,-56.39,-56.56,-57.20,-57.37,-57.97,-58.14,-58.72,-58.89,-59.44,-59.61,-60.14,-60.31,-60.81,-60.98,-61.47,-61.63,-62.09,-62.26,-62.70,-62.87,-63.29,-63.46,-63.87,-64.03,-64.42,-64.58,-64.96,-65.12,-65.48,-65.64,-65.99,-66.14,-66.48,-66.63,-66.96,-67.11,-67.42,-67.57,-67.87,-68.02,-68.31,-68.46,-68.74,-68.89,-69.15,-69.30,-69.56,-69.71,-69.95,-70.10,-70.34,-70.48,-70.71,-70.86,-71.08,-71.22,-71.43,-71.57,-71.78,-71.92,-72.12,-72.26,-72.45,-72.59,-72.77,-72.91,-73.09,-73.23,-73.40,-73.53,-73.70,-73.84,-74.00,-74.13,-74.28,-74.42,-74.57,-74.70,-74.84,-74.97,-75.11,-75.24,-75.38,-75.51,-75.64,-75.76,-75.89,-76.02,-76.14,-76.26,-76.38,-76.50,-76.62,-76.74,-76.85,-76.97,-77.08,-77.20,-77.30,-77.43,-77.52,-77.64,-77.74,-77.86,-77.95,-78.07,-78.16,-78.28,-78.36,-78.48,-78.56,-78.68,-78.76,-78.88,-78.95,-79.07,-79.14,-79.26,-79.33,-79.44,-79.51,-79.62,-79.69,-79.80,-79.87,-79.98,-80.04,-80.15,-80.21,-80.32,-80.38,-80.49,-80.54,-80.65,-80.70,-80.81,-80.86,-80.97,-81.02,-81.13,-81.17,-81.28
SushiSwap,LINK,WETH,165.64813590279388,0.005987551472080379,1813560.19,-9.77,-9.85,-17.87,-18.00,-24.64,-24.80,-30.37,-30.57,-35.30,-35.51,-39.57,-39.79,-43.32,-43.54,-46.63,-46.85,-49.57,-49.79,-52.21,-52.43,-54.58,-54.80,-56.73,-56.95,-58.68,-58.90,-60.47,-60.68,-62.11,-62.32,-63.61,-63.82,-65.01,-65.21,-66.30,-66.50,-67.49,-67.69,-68.61,-68.80,-69.65,-69.84,-70.63,-70.81,-71.54,-71.72,-72.40,-72.58,-73.21,-73.38,-73.97,-74.14,-74.69,-74.86,-75.37,-75.54,-76.02,-76.18,-76.63,-76.79,-77.21,-77.37,-77.77,-77.92,-78.29,-78.45,-78.80,-78.95,-79.28,-79.43,-79.74,-79.88,-80.18,-80.32,-80.60,-80.74,-81.00,-81.14,-81.39,-81.52,-81.76,-81.89,-82.11,-82.25,-82.46,-82.59,-82.79,-82.92,-83.11,-83.23,-83.41,-83.54,-83.71,-83.83,-83.99,-84.11,-84.27,-84.39,-84.53,-84.65,-84.79,-84.91,-85.04,-85.15,-85.28,-85.39,-85.51,-85.62,-85.74,-85.85,-85.96,-86.07,-86.17,-86.28,-86.38,-86.48,-86.58,-86.68,-86.77,-86.87,-86.96,-87.06,-87.14,-87.24,-87.32,-87.42,-87.49,-87.59,-87.66,-87.76,-87.83,-87.92,-87.99,-88.08,-88.14,-88.24,-88.29,-88.39,-88.44,-88.53,-88.59,-88.68,-88.73,-88.82,-88.86,-88.95,-89.00,-89.09,-89.13,-89.22,-89.26,-89.34,-89.38,-89.47,-89.50,-89.59,-89.62,-89.71,-89.74,-89.82,-89.85,-89.93,-89.96,-90.05,-90.07,-90.15,-90.18,-90.26,-90.28,-90.36,-90.39,-90.46,-90.49,-90.56,-90.58,-90.66,-90.68,-90.76,-90.77,-90.85,-90.87,-90.94,-90.96,-91.03,-91.05,-91.12,-91.13,-91.20,-91.22,-91.29,-91.30,-91.37,-91.38,-91.45,-91.46,-91.53,-91.54,-91.61,-91.62,-91.69
SushiSwap,THOR,WETH,8569.02149481747,0.00011572093308209474,1653037.86,-10.60,-10.72,-19.24,-19.44,-26.36,-26.61,-32.33,-32.60,-37.40,-37.69,-41.76,-42.07,-45.56,-45.87,-48.89,-49.21,-51.84,-52.15,-54.46,-54.78,-56.82,-57.13,-58.94,-59.25,-60.87,-61.16,-62.62,-62.91,-64.22,-64.51,-65.69,-65.97,-67.04,-67.32,-68.29,-68.57,-69.45,-69.72,-70.53,-70.79,-71.54,-71.79,-72.47,-72.72,-73.35,-73.60,-74.18,-74.42,-74.95,-75.19,-75.68,-75.91,-76.37,-76.59,-77.02,-77.24,-77.63,-77.85,-78.22,-78.43,-78.77,-78.98,-79.30,-79.50,-79.80,-80.00,-80.27,-80.47,-80.73,-80.92,-81.16,-81.36,-81.58,-81.77,-81.98,-82.16,-82.36,-82.54,-82.72,-82.90,-83.07,-83.25,-83.41,-83.58,-83.73,-83.90,-84.04,-84.21,-84.34,-84.51,-84.63,-84.79,-84.91,-85.07,-85.18,-85.33,-85.43,-85.59,-85.68,-85.84,-85.93,-86.08,-86.16,-86.31,-86.38,-86.53,-86.60,-86.75,-86.81,-86.96,-87.02,-87.16,-87.22,-87.36,-87.41,-87.55,-87.60,-87.73,-87.78,-87.91,-87.96,-88.09,-88.13,-88.26,-88.29,-88.42,-88.45,-88.58,-88.61,-88.74,-88.77,-88.89,-88.91,-89.04,-89.06,-89.18,-89.20,-89.32,-89.34,-89.46,-89.47,-89.59,-89.60,-89.72,-89.73,-89.85,-89.86,-89.97,-89.98,-90.09,-90.10,-90.21,-90.21,-90.32,-90.33,-90.44,-90.44,-90.55,-90.55,-90.65,-90.65,-90.76,-90.75,-90.86,-90.86,-90.96,-90.96,-91.06,-91.05,-91.15,-91.15,-91.25,-91.24,-91.34,-91.33,-91.43,-91.42,-91.52,-91.51,-91.60,-91.59,-91.69,-91.68,-91.77,-91.76,-91.85,-91.84,-91.93,-91.92,-92.01,-92.00,-92.09,-92.07,-92.16,-92.15,-92.24,-92.22,-92.31,-92.29,-92.38
SushiSwap,FOLD,WETH,175.05537608246846,0.005660488817444677,1271763.17,-13.31,-13.53,-23.58,-23.93,-31.67,-32.10,-38.22,-38.68,-43.62,-44.10,-48.15,-48.64,-52.01,-52.50,-55.33,-55.81,-58.22,-58.70,-60.76,-61.23,-63.01,-63.47,-65.02,-65.46,-66.82,-67.25,-68.44,-68.86,-69.91,-70.33,-71.25,-71.65,-72.48,-72.87,-73.61,-73.99,-74.64,-75.01,-75.60,-75.96,-76.49,-76.84,-77.32,-77.66,-78.09,-78.42,-78.81,-79.14,-79.48,-79.80,-80.12,-80.43,-80.71,-81.01,-81.27,-81.57,-81.80,-82.09,-82.30,-82.58,-82.77,-83.05,-83.22,-83.49,-83.64,-83.91,-84.05,-84.31,-84.43,-84.69,-84.80,-85.05,-85.15,-85.40,-85.48,-85.73,-85.80,-86.04,-86.11,-86.34,-86.40,-86.63,-86.68,-86.91,-86.95,-87.17,-87.21,-87.43,-87.46,-87.67,-87.70,-87.91,-87.93,-88.14,-88.15,-88.35,-88.36,-88.57,-88.57,-88.77,-88.77,-88.96,-88.96,-89.15,-89.15,-89.34,-89.33,-89.51,-89.50,-89.68,-89.67,-89.85,-89.83,-90.01,-89.99,-90.17,-90.14,-90.32,-90.29,-90.46,-90.44,-90.60,-90.57,-90.74,-90.71,-90.87,-90.84,-91.00,-90.97,-91.13,-91.10,-91.25,-91.22,-91.37,-91.33,-91.49,-91.45,-91.60,-91.56,-91.71,-91.67,-91.82,-91.78,-91.92,-91.88,-92.03,-91.98,-92.12,-92.08,-92.22,-92.18,-92.32,-92.27,-92.41,-92.36,-92.50,-92.45,-92.59,-92.54,-92.67,-92.62,-92.76,-92.71,-92.84,-92.79,-92.92,-92.87,-93.00,-92.95,-93.07,-93.02,-93.15,-93.10,-93.22,-93.17,-93.29,-93.24,-93.36,-93.31,-93.43,-93.38,-93.50,-93.45,-93.57,-93.51,-93.63,-93.58,-93.69,-93.64,-93.76,-93.70,-93.82,-93.76,-93.88,-93.82,-93.94,-93.88,-93.99,-93.94,-94.05
SushiSwap,AAVE,WETH,23.889028986916156,0.041397762901934,780953.09,-20.10,-20.18,-33.58,-33.69,-43.17,-43.29,-50.34,-50.46,-55.90,-56.02,-60.35,-60.46,-63.98,-64.09,-67.00,-67.10,-69.55,-69.65,-71.74,-71.83,-73.63,-73.72,-75.29,-75.38,-76.75,-76.83,-78.04,-78.13,-79.20,-79.28,-80.25,-80.32,-81.19,-81.26,-82.05,-82.12,-82.83,-82.90,-83.55,-83.62,-84.21,-84.27,-84.82,-84.88,-85.38,-85.44,-85.91,-85.96,-86.39,-86.45,-86.85,-86.90,-87.27,-87.33,-87.67,-87.72,-88.05,-88.10,-88.40,-88.45,-88.73,-88.78,-89.04,-89.09,-89.34,-89.39,-89.62,-89.67,-89.89,-89.93,-90.14,-90.18,-90.38,-90.42,-90.61,-90.65,-90.83,-90.87,-91.04,-91.08,-91.24,-91.28,-91.43,-91.47,-91.61,-91.65,-91.79,-91.82,-91.96,-91.99,-92.12,-92.15,-92.27,-92.31,-92.42,-92.45,-92.56,-92.60,-92.70,-92.73,-92.83,-92.87,-92.96,-92.99,-93.09,-93.12,-93.21,-93.24,-93.32,-93.35,-93.43,-93.46,-93.54,-93.57,-93.64,-93.67,-93.75,-93.77,-93.84,-93.87,-93.94,-93.97,-94.03,-94.06,-94.12,-94.15,-94.21,-94.23,-94.29,-94.32,-94.37,-94.40,-94.45,-94.48,-94.53,-94.55,-94.60,-94.63,-94.68,-94.70,-94.75,-94.77,-94.82,-94.84,-94.88,-94.91,-94.95,-94.97,-95.01,-95.04,-95.08,-95.10,-95.14,-95.16,-95.20,-95.22,-95.25,-95.28,-95.31,-95.33,-95.37,-95.39,-95.42,-95.44,-95.47,-95.49,-95.52,-95.54,-95.57,-95.59,-95.62,-95.64,-95.67,-95.69,-95.72,-95.74,-95.76,-95.78,-95.81,-95.83,-95.85,-95.87,-95.90,-95.92,-95.94,-95.96,-95.98,-96.00,-96.02,-96.04,-96.06,-96.08,-96.10,-96.12,-96.14,-96.16,-96.18,-96.19,-96.21,-96.23
SushiSwap,CVX,WETH,754.2518508333113,0.0013092374546443638,605538.73,-24.45,-24.60,-39.41,-39.60,-49.43,-49.63,-56.60,-56.80,-61.99,-62.18,-66.19,-66.37,-69.56,-69.73,-72.31,-72.47,-74.61,-74.76,-76.56,-76.70,-78.23,-78.36,-79.67,-79.80,-80.94,-81.06,-82.06,-82.18,-83.05,-83.16,-83.94,-84.05,-84.74,-84.85,-85.47,-85.57,-86.13,-86.22,-86.73,-86.82,-87.28,-87.37,-87.79,-87.87,-88.26,-88.34,-88.69,-88.77,-89.09,-89.17,-89.47,-89.54,-89.82,-89.89,-90.15,-90.22,-90.46,-90.52,-90.74,-90.81,-91.02,-91.08,-91.27,-91.34,-91.51,-91.58,-91.74,-91.80,-91.96,-92.02,-92.17,-92.22,-92.36,-92.42,-92.55,-92.60,-92.73,-92.78,-92.89,-92.95,-93.06,-93.11,-93.21,-93.26,-93.36,-93.41,-93.50,-93.55,-93.63,-93.68,-93.76,-93.81,-93.89,-93.93,-94.01,-94.05,-94.12,-94.17,-94.23,-94.28,-94.34,-94.38,-94.44,-94.48,-94.54,-94.58,-94.64,-94.68,-94.73,-94.77,-94.82,-94.86,-94.91,-94.94,-94.99,-95.03,-95.07,-95.11,-95.15,-95.18,-95.22,-95.26,-95.30,-95.33,-95.37,-95.40,-95.44,-95.47,-95.50,-95.54,-95.57,-95.60,-95.63,-95.67,-95.69,-95.73,-95.75,-95.79,-95.81,-95.84,-95.87,-95.90,-95.92,-95.96,-95.98,-96.01,-96.03,-96.06,-96.08,-96.11,-96.13,-96.16,-96.18,-96.21,-96.23,-96.25,-96.27,-96.30,-96.32,-96.34,-96.36,-96.39,-96.40,-96.43,-96.44,-96.47,-96.49,-96.51,-96.53,-96.55,-96.56,-96.59,-96.60,-96.63,-96.64,-96.67,-96.68,-96.70,-96.71,-96.74,-96.75,-96.77,-96.78,-96.81,-96.82,-96.84,-96.85,-96.87,-96.88,-96.90,-96.91,-96.94,-96.94,-96.97,-96.97,-97.00,-97.00,-97.03,-97.03,-97.05
Curve,PRISMA,cvxPrisma,0.6614604910525897,1.504968547488086,3255840.65,-6.18,-8.07,-10.51,-16.82,-13.68,-25.51,-16.10,-33.54,-18.01,-40.62,-19.56,-46.69,-20.85,-51.84,-21.93,-56.20,-22.85,-59.91,-23.65,-63.09,-24.35,-65.83,-24.97,-68.22,-25.52,-70.31,-26.01,-72.15,-26.46,-73.78,-26.86,-75.24,-27.24,-76.55,-27.58,-77.73,-27.90,-78.80,-28.20,-79.77,-28.49,-80.66,-28.76,-81.48,-29.01,-82.23,-29.26,-82.92,-29.49,-83.57,-29.73,-84.16,-29.96,-84.72,-30.19,-85.24,-30.42,-85.72,-30.66,-86.18,-30.90,-86.60,-31.16,-87.00,-31.44,-87.38,-31.75,-87.74,-32.09,-88.08,-32.47,-88.40,-32.91,-88.70,-33.42,-88.99,-34.01,-89.26,-34.69,-89.52,-35.47,-89.77,-36.33,-90.01,-37.26,-90.23,-38.25,-90.45,-39.27,-90.66,-40.31,-90.85,-41.36,-91.04,-42.40,-91.23,-43.43,-91.40,-44.44,-91.57,-45.43,-91.73,-46.40,-91.89,-47.34,-92.04,-48.25,-92.18,-49.14,-92.32,-50.00,-92.46,-50.84,-92.59,-51.65,-92.71,-52.44,-92.83,-53.21,-92.95,-53.95,-93.07,-54.67,-93.18,-55.38,-93.28,-56.06,-93.39,-56.72,-93.49,-57.36,-93.58,-57.98,-93.68,-58.59,-93.77,-59.18,-93.86,-59.75,-93.95,-60.31,-94.03,-60.85,-94.11,-61.38,-94.19,-61.90,-94.27,-62.40,-94.34,-62.89,-94.42,-63.37,-94.49,-63.83,-94.56,-64.28,-94.63,-64.73,-94.69,-65.16,-94.76,-65.58,-94.82,-65.99,-94.88,-66.39,-94.95,-66.78,-95.00,-67.17,-95.06,-67.54,-95.12,-67.91,-95.17,-68.27,-95.23,-68.62,-95.28,-68.96,-95.33,-69.29,-95.38,-69.62,-95.43,-69.94,-95.48,-70.26,-95.53,-70.57,-95.57,-70.87,-95.62,-71.16,-95.66,-71.45,-95.71,-71.74,-95.75
Curve,LUSD,crvUSD,0.97626379664904,1.0231400164308742,1307220.25,-0.98,-5.13,-1.39,-34.88,-1.61,-55.53,-1.75,-66.42,-1.85,-73.06,-1.93,-77.51,-1.99,-80.70,-2.05,-83.10,-2.11,-84.97,-2.20,-86.47,-2.40,-87.69,-3.90,-88.72,-10.16,-89.58,-16.44,-90.32,-21.96,-90.97,-26.82,-91.53,-31.11,-92.03,-34.93,-92.47,-38.35,-92.87,-41.43,-93.22,-44.22,-93.55,-46.75,-93.84,-49.07,-94.11,-51.19,-94.35,-53.14,-94.58,-54.94,-94.79,-56.61,-94.98,-58.16,-95.16,-59.60,-95.32,-60.95,-95.48,-62.21,-95.63,-63.39,-95.76,-64.50,-95.89,-65.54,-96.01,-66.52,-96.13,-67.45,-96.23,-68.33,-96.34,-69.17,-96.43,-69.96,-96.52,-70.71,-96.61,-71.42,-96.69,-72.10,-96.77,-72.75,-96.85,-73.37,-96.92,-73.96,-96.99,-74.53,-97.05,-75.07,-97.11,-75.59,-97.17,-76.09,-97.23,-76.57,-97.29,-77.03,-97.34,-77.47,-97.39,-77.89,-97.44,-78.30,-97.49,-78.70,-97.53,-79.08,-97.58,-79.44,-97.62,-79.80,-97.66,-80.14,-97.70,-80.47,-97.74,-80.79,-97.78,-81.10,-97.81,-81.40,-97.85,-81.69,-97.88,-81.97,-97.91,-82.25,-97.95,-82.51,-97.98,-82.77,-98.01,-83.02,-98.03,-83.26,-98.06,-83.50,-98.09,-83.73,-98.12,-83.95,-98.14,-84.17,-98.17,-84.38,-98.19,-84.58,-98.22,-84.78,-98.24,-84.98,-98.26,-85.17,-98.28,-85.35,-98.30,-85.53,-98.33,-85.71,-98.35,-85.88,-98.37,-86.05,-98.39,-86.22,-98.40,-86.38,-98.42,-86.53,-98.44,-86.69,-98.46,-86.83,-98.48,-86.98,-98.49,-87.12,-98.51,-87.26,-98.53,-87.40,-98.54,-87.54,-98.56,-87.67,-98.57,-87.79,-98.59,-87.92,-98.60,-88.04,-98.62,-88.16,-98.63,-88.28,-98.64
Balancer V2,GHO,USDT,1.0203035376002119,0.979073190810429,5940000,-0.27,-0.22,-0.61,-0.39,-1.06,-0.54,-1.67,-0.67,-2.53,-0.78,-3.81,-0.87,-5.79,-0.96,-8.87,-1.03,-13.29,-1.10,-18.66,-1.16,-24.23,-1.21,-29.50,-1.26,-34.30,-1.31,-38.58,-1.35,-42.40,-1.39,-45.81,-1.43,-48.85,-1.46,-51.59,-1.50,-54.05,-1.53,-56.29,-1.56,-58.32,-1.59,-60.17,-1.62,-61.86,-1.65,-63.42,-1.68,-64.86,-1.71,-66.19,-1.74,-67.43,-1.78,-68.58,-1.81,-69.65,-1.84,-70.65,-1.88,-71.58,-1.92,-72.46,-1.97,-73.29,-2.02,-74.07,-2.09,-74.80,-2.16,-75.50,-2.26,-76.15,-2.38,-76.78,-2.55,-77.37,-2.79,-77.93,-3.16,-78.47,-3.75,-78.97,-4.67,-79.46,-5.96,-79.93,-7.54,-80.37,-9.26,-80.79,-11.02,-81.20,-12.77,-81.59,-14.49,-81.96,-16.16,-82.32,-17.78,-82.67,-19.35,-83.00,-20.87,-83.32,-22.34,-83.63,-23.75,-83.92,-25.12,-84.21,-26.44,-84.49,-27.72,-84.75,-28.95,-85.01,-30.15,-85.26,-31.30,-85.50,-32.42,-85.73,-33.51,-85.96,-34.56,-86.18,-35.57,-86.39,-36.56,-86.60,-37.52,-86.80,-38.45,-86.99,-39.35,-87.18,-40.22,-87.36,-41.07,-87.54,-41.90,-87.71,-42.71,-87.88,-43.49,-88.04,-44.25,-88.20,-44.99,-88.36,-45.71,-88.51,-46.42,-88.65,-47.10,-88.80,-47.77,-88.94,-48.42,-89.07,-49.06,-89.21,-49.68,-89.34,-50.28,-89.46,-50.88,-89.59,-51.45,-89.71,-52.02,-89.82,-52.57,-89.94,-53.11,-90.05,-53.63,-90.16,-54.15,-90.27,-54.65,-90.38,-55.14,-90.48,-55.62,-90.58,-56.10,-90.68,-56.56,-90.78,-57.01,-90.87,-57.45,-90.97,-57.89,-91.06,-58.31,-91.15,-58.73
Balancer V2,GHO,USDC,1.020018787342504,0.9793475921577921,5940000,-0.26,-0.21,-0.60,-0.39,-1.03,-0.53,-1.62,-0.66,-2.45,-0.76,-3.67,-0.86,-5.55,-0.94,-8.49,-1.01,-12.75,-1.08,-18.01,-1.14,-23.54,-1.19,-28.82,-1.24,-33.64,-1.29,-37.96,-1.33,-41.81,-1.37,-45.25,-1.41,-48.32,-1.44,-51.08,-1.48,-53.57,-1.51,-55.83,-1.54,-57.88,-1.57,-59.75,-1.60,-61.46,-1.63,-63.04,-1.66,-64.49,-1.69,-65.84,-1.72,-67.08,-1.75,-68.24,-1.79,-69.32,-1.82,-70.34,-1.86,-71.28,-1.90,-72.17,-1.95,-73.01,-2.00,-73.79,-2.06,-74.53,-2.14,-75.24,-2.24,-75.90,-2.36,-76.53,-2.53,-77.13,-2.77,-77.70,-3.14,-78.24,-3.73,-78.75,-4.64,-79.24,-5.93,-79.71,-7.50,-80.16,-9.21,-80.59,-10.97,-81.00,-12.72,-81.39,-14.44,-81.77,-16.11,-82.14,-17.74,-82.48,-19.31,-82.82,-20.83,-83.14,-22.29,-83.45,-23.71,-83.75,-25.08,-84.04,-26.40,-84.32,-27.68,-84.59,-28.91,-84.85,-30.11,-85.10,-31.26,-85.35,-32.38,-85.58,-33.47,-85.81,-34.52,-86.03,-35.54,-86.24,-36.52,-86.45,-37.48,-86.65,-38.41,-86.85,-39.31,-87.04,-40.19,-87.22,-41.04,-87.40,-41.87,-87.58,-42.67,-87.75,-43.46,-87.91,-44.22,-88.07,-44.96,-88.23,-45.68,-88.38,-46.39,-88.53,-47.07,-88.68,-47.74,-88.82,-48.39,-88.96,-49.03,-89.09,-49.65,-89.22,-50.26,-89.35,-50.85,-89.48,-51.42,-89.60,-51.99,-89.72,-52.54,-89.83,-53.08,-89.95,-53.60,-90.06,-54.12,-90.17,-54.62,-90.27,-55.12,-90.38,-55.60,-90.48,-56.07,-90.58,-56.53,-90.68,-56.98,-90.78,-57.43,-90.87,-57.86,-90.96,-58.29,-91.05,-58.70
