DEX,TokenA,TokenB,Price Token B in A,Price Token A in B,Pool Size,Slip$10kAtoB,Slip$10kBtoA,Slip$20kAtoB,Slip$20kBtoA,Slip$30kAtoB,Slip$30kBtoA,Slip$40kAtoB,Slip$40kBtoA,Slip$50kAtoB,Slip$50kBtoA,Slip$60kAtoB,Slip$60kBtoA,Slip$70kAtoB,Slip$70kBtoA,Slip$80kAtoB,Slip$80kBtoA,Slip$90kAtoB,Slip$90kBtoA,Slip$100kAtoB,Slip$100kBtoA,Slip$100kAtoB,Slip$100kBtoA,Slip$125kAtoB,Slip$125kBtoA,Slip$150kAtoB,Slip$150kBtoA,Slip$175kAtoB,Slip$175kBtoA,Slip$200kAtoB,Slip$200kBtoA,Slip$225kAtoB,Slip$225kBtoA,Slip$250kAtoB,Slip$250kBtoA,Slip$275kAtoB,Slip$275kBtoA,Slip$300kAtoB,Slip$300kBtoA,Slip$325kAtoB,Slip$325kBtoA,Slip$350kAtoB,Slip$350kBtoA,Slip$375kAtoB,Slip$375kBtoA,Slip$400kAtoB,Slip$400kBtoA,Slip$425kAtoB,Slip$425kBtoA,Slip$450kAtoB,Slip$450kBtoA,Slip$475kAtoB,Slip$475kBtoA,Slip$500kAtoB,Slip$500kBtoA,Slip$525kAtoB,Slip$525kBtoA,Slip$550kAtoB,Slip$550kBtoA,Slip$575kAtoB,Slip$575kBtoA,Slip$600kAtoB,Slip$600kBtoA,Slip$625kAtoB,Slip$625kBtoA,Slip$650kAtoB,Slip$650kBtoA,Slip$675kAtoB,Slip$675kBtoA,Slip$700kAtoB,Slip$700kBtoA,Slip$725kAtoB,Slip$725kBtoA,Slip$750kAtoB,Slip$750kBtoA,Slip$775kAtoB,Slip$775kBtoA,Slip$800kAtoB,Slip$800kBtoA,Slip$825kAtoB,Slip$825kBtoA,Slip$850kAtoB,Slip$850kBtoA,Slip$875kAtoB,Slip$875kBtoA,Slip$900kAtoB,Slip$900kBtoA,Slip$925kAtoB,Slip$925kBtoA,Slip$950kAtoB,Slip$950kBtoA,Slip$975kAtoB,Slip$975kBtoA,Slip$1000kAtoB,Slip$1000kBtoA,Slip$1000kAtoB,Slip$1000kBtoA,Slip$1100kAtoB,Slip$1100kBtoA,Slip$1200kAtoB,Slip$1200kBtoA,Slip$1300kAtoB,Slip$1300kBtoA,Slip$1400kAtoB,Slip$1400kBtoA,Slip$1500kAtoB,Slip$1500kBtoA,Slip$1600kAtoB,Slip$1600kBtoA,Slip$1700kAtoB,Slip$1700kBtoA,Slip$1800kAtoB,Slip$1800kBtoA,Slip$1900kAtoB,Slip$1900kBtoA,Slip$2000kAtoB,Slip$2000kBtoA,Slip$2100kAtoB,Slip$2100kBtoA,Slip$2200kAtoB,Slip$2200kBtoA,Slip$2300kAtoB,Slip$2300kBtoA,Slip$2400kAtoB,Slip$2400kBtoA,Slip$2500kAtoB,Slip$2500kBtoA,Slip$2600kAtoB,Slip$2600kBtoA,Slip$2700kAtoB,Slip$2700kBtoA,Slip$2800kAtoB,Slip$2800kBtoA,Slip$2900kAtoB,Slip$2900kBtoA,Slip$3000kAtoB,Slip$3000kBtoA,Slip$3100kAtoB,Slip$3100kBtoA,Slip$3200kAtoB,Slip$3200kBtoA,Slip$3300kAtoB,Slip$3300kBtoA,Slip$3400kAtoB,Slip$3400kBtoA,Slip$3500kAtoB,Slip$3500kBtoA,Slip$3600kAtoB,Slip$3600kBtoA,Slip$3700kAtoB,Slip$3700kBtoA,Slip$3800kAtoB,Slip$3800kBtoA,Slip$3900kAtoB,Slip$3900kBtoA,Slip$4000kAtoB,Slip$4000kBtoA,Slip$4100kAtoB,Slip$4100kBtoA,Slip$4200kAtoB,Slip$4200kBtoA,Slip$4300kAtoB,Slip$4300kBtoA,Slip$4400kAtoB,Slip$4400kBtoA,Slip$4500kAtoB,Slip$4500kBtoA,Slip$4600kAtoB,Slip$4600kBtoA,Slip$4700kAtoB,Slip$4700kBtoA,Slip$4800kAtoB,Slip$4800kBtoA,Slip$4900kAtoB,Slip$4900kBtoA,Slip$5000kAtoB,Slip$5000kBtoA,Slip$5100kAtoB,Slip$5100kBtoA,Slip$5200kAtoB,Slip$5200kBtoA,Slip$5300kAtoB,Slip$5300kBtoA,Slip$5400kAtoB,Slip$5400kBtoA,Slip$5500kAtoB,Slip$5500kBtoA,Slip$5600kAtoB,Slip$5600kBtoA,Slip$5700kAtoB,Slip$5700kBtoA,Slip$5800kAtoB,Slip$5800kBtoA,Slip$5900kAtoB,Slip$5900kBtoA,Slip$6000kAtoB,Slip$6000kBtoA,Slip$6100kAtoB,Slip$6100kBtoA,Slip$6200kAtoB,Slip$6200kBtoA,Slip$6300kAtoB,Slip$6300kBtoA,Slip$6400kAtoB,Slip$6400kBtoA,Slip$6500kAtoB,Slip$6500kBtoA,Slip$6600kAtoB,Slip$6600kBtoA,Slip$6700kAtoB,Slip$6700kBtoA,Slip$6800kAtoB,Slip$6800kBtoA,Slip$6900kAtoB,Slip$6900kBtoA,Slip$7000kAtoB,Slip$7000kBtoA,Slip$7100kAtoB,Slip$7100kBtoA,Slip$7200kAtoB,Slip$7200kBtoA,Slip$7300kAtoB,Slip$7300kBtoA,Slip$7400kAtoB,Slip$7400kBtoA,Slip$7500kAtoB,Slip$7500kBtoA,Slip$7600kAtoB,Slip$7600kBtoA,Slip$7700kAtoB,Slip$7700kBtoA,Slip$7800kAtoB,Slip$7800kBtoA,Slip$7900kAtoB,Slip$7900kBtoA,Slip$8000kAtoB,Slip$8000kBtoA,Slip$8100kAtoB,Slip$8100kBtoA,Slip$8200kAtoB,Slip$8200kBtoA,Slip$8300kAtoB,Slip$8300kBtoA,Slip$8400kAtoB,Slip$8400kBtoA,Slip$8500kAtoB,Slip$8500kBtoA,Slip$8600kAtoB,Slip$8600kBtoA,Slip$8700kAtoB,Slip$8700kBtoA,Slip$8800kAtoB,Slip$8800kBtoA,Slip$8900kAtoB,Slip$8900kBtoA,Slip$9000kAtoB,Slip$9000kBtoA,Slip$9100kAtoB,Slip$9100kBtoA,Slip$9200kAtoB,Slip$9200kBtoA,Slip$9300kAtoB,Slip$9300kBtoA,Slip$9400kAtoB,Slip$9400kBtoA,Slip$9500kAtoB,Slip$9500kBtoA,Slip$9600kAtoB,Slip$9600kBtoA,Slip$9700kAtoB,Slip$9700kBtoA,Slip$9800kAtoB,Slip$9800kBtoA,Slip$9900kAtoB,Slip$9900kBtoA,Slip$10000kAtoB,Slip$10000kBtoA

Uniswap V3,WBTC,USDC,0.000022149120000000002,45100.45673494528,5054252.90,-0.03,-0.03,-0.06,-0.06,-0.09,-0.09,-0.13,-0.13,-0.16,-0.16,-0.19,-0.19,-0.23,-0.22,-0.26,-0.25,-0.29,-0.28,-0.33,-0.32,-0.33,-0.32,-0.41,-0.40,-0.50,-0.48,-0.58,-0.56,-0.67,-0.63,-0.75,-0.71,-0.84,-0.79,-0.93,-0.87,-1.01,-0.95,-1.10,-1.01,-1.18,-1.07,-1.26,-1.13,-1.35,-1.18,-1.43,-1.22,-1.52,-1.27,-1.60,-1.31,-1.69,-1.34,-1.77,-1.38,-1.85,-1.41,-1.94,-1.44,-2.02,-1.46,-2.11,-1.49,-2.19,-1.51,-2.27,-1.53,-2.36,-1.55,-2.44,-1.57,-2.53,-1.59,-2.61,-1.61,-2.69,-1.62,-2.78,-1.64,-2.86,-1.65,-2.94,-1.67,-3.03,-1.68,-3.13,-1.69,-3.24,-1.71,-3.36,-1.72,-3.50,-1.73,-3.50,-1.73,-4.10,-1.77,-4.80,-1.81,-5.60,-1.84,-6.49,-1.88,-7.82,-1.92,-10.24,-1.97,-13.55,-2.02,-18.34,-2.08,-22.63,-2.14,-26.50,-2.20,-30.00,-2.26,-33.18,-2.32,-36.09,-2.39,-38.75,-2.46,-41.20,-2.52,-43.46,-2.59,-45.56,-2.66,-47.50,-2.74,-49.31,-2.81,-51.00,-2.88,-52.58,-2.95,-54.06,-3.03,-55.45,-3.10,-56.76,-3.19,-58.00,-3.42,-59.17,-3.91,-60.27,-4.93,-61.32,-6.61,-62.31,-9.00,-63.25,-11.27,-64.15,-13.44,-65.00,-15.50,-65.81,-17.46,-66.59,-19.34,-67.33,-21.13,-68.04,-22.84,-68.72,-24.49,-69.37,-26.06,-70.00,-27.57,-70.60,-29.02,-71.18,-30.41,-71.73,-31.75,-72.26,-33.03,-72.78,-34.27,-73.27,-35.47,-73.75,-36.62,-74.21,-37.73,-74.66,-38.81,-75.08,-39.84,-75.50,-40.85,-75.90,-41.82,-76.29,-42.76,-76.67,-43.66,-77.03,-44.54,-77.38,-45.40,-77.73,-46.22,-78.06,-47.03,-78.38,-47.81,-78.70,-48.56,-79.00,-49.30,-79.30,-50.01,-79.58,-50.71,-79.86,-51.38,-80.14,-52.04,-80.40,-52.68,-80.66,-53.30,-80.91,-53.91,-81.15,-54.50,-81.39,-55.07,-81.62,-55.64,-81.85,-56.18,-82.07,-56.72,-82.29,-57.24,-82.50,-57.75,-82.71,-58.25,-82.91,-58.73,-83.10,-59.20,-83.30,-59.67,-83.48,-60.12,-83.67,-60.56,-83.85,-61.00,-84.02,-61.42,-84.19,-61.84,-84.36,-62.24,-84.53,-62.64,-84.69,-63.03,-84.85,-63.41,-85.00,-63.78,-85.15,-64.15,-85.30,-64.51
Uniswap V3,PEPE,WETH,2008425955.4211016,4.948507051097551e-10,3159966.01,-0.06,-0.06,-0.14,-0.13,-0.22,-0.20,-0.30,-0.27,-0.38,-0.34,-0.46,-0.41,-0.54,-0.48,-0.62,-0.55,-0.70,-0.61,-0.78,-0.68,-0.78,-0.68,-0.97,-0.85,-1.16,-1.02,-1.35,-1.19,-1.56,-1.36,-1.78,-1.53,-2.01,-1.70,-2.24,-1.87,-2.48,-2.03,-2.73,-2.20,-2.99,-2.36,-3.27,-2.53,-3.57,-2.69,-3.89,-2.86,-4.22,-3.04,-4.60,-3.21,-5.08,-3.39,-5.68,-3.58,-6.58,-3.76,-7.92,-3.95,-9.95,-4.14,-12.96,-4.34,-16.18,-4.54,-19.22,-4.74,-22.08,-4.94,-24.75,-5.15,-27.25,-5.36,-29.58,-5.56,-31.78,-5.77,-33.84,-5.98,-35.78,-6.19,-37.61,-6.40,-39.35,-6.61,-40.98,-6.81,-42.53,-7.02,-44.01,-7.22,-45.40,-7.43,-45.40,-7.43,-50.36,-8.27,-54.50,-9.14,-58.00,-10.02,-61.00,-10.87,-63.60,-11.68,-65.87,-12.47,-67.88,-13.22,-69.66,-13.95,-71.26,-14.66,-72.70,-15.35,-74.00,-16.02,-75.18,-16.68,-76.26,-17.33,-77.25,-18.01,-78.16,-18.71,-79.00,-19.43,-79.77,-20.17,-80.50,-20.95,-81.17,-21.79,-81.80,-22.83,-82.38,-24.12,-82.93,-25.60,-83.45,-27.28,-83.94,-29.08,-84.40,-30.90,-84.83,-32.67,-85.24,-34.39,-85.63,-36.04,-86.00,-37.63,-86.35,-39.14,-86.68,-40.60,-87.00,-41.99,-87.30,-43.31,-87.59,-44.59,-87.86,-45.80,-88.13,-46.97,-88.38,-48.09,-88.62,-49.16,-88.85,-50.19,-89.08,-51.19,-89.29,-52.14,-89.50,-53.06,-89.70,-53.94,-89.89,-54.79,-90.07,-55.62,-90.25,-56.41,-90.42,-57.17,-90.58,-57.91,-90.74,-58.62,-90.90,-59.31,-91.05,-59.98,-91.19,-60.62,-91.33,-61.25,-91.47,-61.85,-91.60,-62.44,-91.73,-63.01,-91.85,-63.56,-91.97,-64.10,-92.09,-64.62,-92.20,-65.12,-92.31,-65.61,-92.41,-66.09,-92.52,-66.55,-92.62,-67.01,-92.72,-67.45,-92.81,-67.87,-92.91,-68.29,-93.00,-68.70,-93.09,-69.09,-93.17,-69.48,-93.26,-69.86,-93.34,-70.22,-93.42,-70.58,-93.50,-70.93,-93.58,-71.28,-93.65,-71.61,-93.72,-71.94,-93.79,-72.25,-93.86,-72.57,-93.93,-72.87,-94.00,-73.17,-94.06,-73.46,-94.13,-73.75,-94.19,-74.03,-94.25,-74.30,-94.31,-74.57,-94.37,-74.83,-94.43,-75.09,-94.48,-75.34,-94.54,-75.58
Uniswap V3,SOL,WETH,25.254474011369545,0.03935549217138573,2913468.51,-0.05,-0.05,-0.10,-0.10,-0.16,-0.16,-0.23,-0.21,-0.29,-0.26,-0.36,-0.32,-0.43,-0.37,-0.50,-0.42,-0.57,-0.48,-0.64,-0.53,-0.64,-0.53,-0.81,-0.66,-0.99,-0.79,-1.23,-0.92,-1.58,-1.05,-2.02,-1.18,-2.54,-1.31,-3.11,-1.44,-3.72,-1.56,-4.36,-1.69,-5.01,-1.81,-5.69,-1.94,-6.38,-2.06,-7.09,-2.18,-7.81,-2.30,-8.55,-2.42,-9.32,-2.54,-10.12,-2.66,-10.95,-2.78,-11.80,-2.89,-12.68,-3.01,-13.57,-3.13,-14.49,-3.24,-15.44,-3.36,-16.41,-3.47,-17.40,-3.58,-18.39,-3.70,-19.40,-3.81,-20.42,-3.92,-21.46,-4.04,-22.51,-4.15,-23.57,-4.26,-24.63,-4.38,-25.75,-4.49,-26.94,-4.60,-28.59,-4.71,-30.36,-4.83,-30.36,-4.83,-36.67,-5.27,-41.94,-5.72,-46.41,-6.16,-50.24,-6.62,-53.55,-7.14,-56.46,-7.71,-59.02,-8.31,-61.29,-8.94,-63.33,-9.60,-65.16,-10.31,-66.82,-11.08,-68.33,-11.90,-69.71,-12.79,-70.97,-13.76,-72.13,-15.00,-73.20,-17.68,-74.20,-20.73,-75.12,-23.56,-75.98,-26.19,-76.78,-28.65,-77.53,-30.95,-78.23,-33.11,-78.89,-35.14,-79.51,-37.04,-80.09,-38.84,-80.65,-40.54,-81.17,-42.15,-81.67,-43.67,-82.14,-45.12,-82.58,-46.49,-83.01,-47.79,-83.41,-49.04,-83.80,-50.22,-84.17,-51.35,-84.52,-52.43,-84.85,-53.47,-85.18,-54.46,-85.48,-55.41,-85.78,-56.32,-86.07,-57.19,-86.34,-58.03,-86.60,-58.84,-86.85,-59.61,-87.10,-60.36,-87.33,-61.08,-87.56,-61.78,-87.78,-62.45,-87.99,-63.09,-88.19,-63.72,-88.39,-64.32,-88.58,-64.91,-88.76,-65.48,-88.94,-66.02,-89.11,-66.55,-89.28,-67.07,-89.44,-67.57,-89.60,-68.05,-89.75,-68.52,-89.90,-68.98,-90.05,-69.42,-90.19,-69.85,-90.32,-70.27,-90.46,-70.68,-90.58,-71.07,-90.71,-71.46,-90.83,-71.84,-90.95,-72.20,-91.07,-72.56,-91.18,-72.90,-91.29,-73.24,-91.40,-73.57,-91.50,-73.90,-91.61,-74.21,-91.71,-74.52,-91.80,-74.82,-91.90,-75.11,-91.99,-75.40,-92.08,-75.68,-92.17,-75.95,-92.26,-76.22,-92.34,-76.48,-92.43,-76.73,-92.51,-76.98,-92.59,-77.23,-92.67,-77.47,-92.74,-77.70,-92.82,-77.93,-92.89,-78.16,-92.96,-78.38,-93.03,-78.59
Uniswap V3,ALPH,USDT,0.41129006565468823,2.3820076251999995,1492983.22,-0.19,-0.18,-0.39,-0.39,-0.58,-0.59,-0.77,-0.79,-0.96,-0.97,-1.14,-1.14,-1.32,-1.30,-1.51,-1.46,-1.69,-1.61,-1.87,-1.76,-1.87,-1.76,-2.32,-2.14,-2.81,-2.50,-3.34,-2.86,-3.89,-3.22,-4.52,-3.58,-5.24,-3.93,-6.01,-4.29,-6.83,-4.64,-7.67,-4.99,-8.68,-5.34,-9.90,-5.69,-11.24,-6.04,-12.66,-6.38,-14.12,-6.72,-15.61,-7.06,-17.10,-7.40,-18.58,-7.73,-20.05,-8.06,-21.52,-8.38,-22.97,-8.70,-24.40,-9.02,-25.80,-9.33,-27.17,-9.65,-28.51,-9.95,-29.82,-10.26,-31.09,-10.56,-32.32,-10.86,-33.53,-11.16,-34.69,-11.47,-36.05,-11.76,-37.87,-12.06,-39.60,-12.36,-41.23,-12.66,-42.78,-12.95,-44.25,-13.25,-45.64,-13.57,-45.64,-13.57,-50.58,-15.73,-54.70,-22.34,-58.18,-28.32,-61.17,-33.44,-63.76,-37.88,-66.03,-41.76,-68.02,-45.18,-69.80,-48.23,-71.39,-50.95,-72.82,-53.41,-74.11,-55.63,-75.29,-57.64,-76.37,-59.48,-77.35,-61.17,-78.26,-62.73,-79.09,-64.16,-79.87,-65.49,-80.59,-66.72,-81.26,-67.87,-81.88,-68.94,-82.46,-69.94,-83.01,-70.88,-83.53,-71.76,-84.01,-72.59,-84.47,-73.38,-84.90,-74.11,-85.31,-74.81,-85.69,-75.48,-86.06,-76.11,-86.41,-76.70,-86.74,-77.27,-87.06,-77.81,-87.36,-78.33,-87.65,-78.82,-87.92,-79.29,-88.18,-79.74,-88.43,-80.17,-88.68,-80.59,-88.91,-80.98,-89.13,-81.36,-89.34,-81.73,-89.55,-82.08,-89.74,-82.42,-89.93,-82.74,-90.12,-83.06,-90.29,-83.36,-90.46,-83.65,-90.63,-83.93,-90.79,-84.21,-90.94,-84.47,-91.09,-84.72,-91.23,-84.97,-91.37,-85.21,-91.51,-85.44,-91.64,-85.66,-91.76,-85.88,-91.89,-86.09,-92.01,-86.30,-92.12,-86.49,-92.23,-86.69,-92.34,-86.88,-92.45,-87.06,-92.55,-87.23,-92.65,-87.41,-92.75,-87.58,-92.85,-87.74,-92.94,-87.90,-93.03,-88.05,-93.12,-88.20,-93.21,-88.35,-93.29,-88.50,-93.37,-88.64,-93.45,-88.77,-93.53,-88.91,-93.60,-89.04,-93.68,-89.16,-93.75,-89.29,-93.82,-89.41,-93.89,-89.53,-93.96,-89.65,-94.03,-89.76,-94.09,-89.87,-94.15,-89.98,-94.22,-90.09,-94.28,-90.19,-94.34,-90.29,-94.40,-90.39,-94.45,-90.49,-94.51,-90.59,-94.56,-90.68
Uniswap V3,ARB,WETH,1226.4586872888265,0.0008100760262671807,1377563.93,-0.22,-0.22,-0.46,-0.46,-0.70,-0.71,-0.94,-0.96,-1.18,-1.20,-1.42,-1.44,-1.65,-1.69,-1.89,-1.93,-2.12,-2.17,-2.36,-2.42,-2.36,-2.42,-2.93,-3.02,-3.51,-3.63,-4.07,-4.24,-4.64,-4.85,-5.21,-5.46,-5.77,-6.08,-6.35,-6.70,-6.92,-7.33,-7.51,-7.97,-8.11,-8.60,-8.73,-9.25,-9.36,-9.94,-9.99,-10.69,-10.62,-11.50,-11.26,-12.35,-11.89,-13.24,-12.53,-14.16,-13.17,-15.11,-13.82,-16.12,-14.49,-17.20,-15.14,-18.33,-15.79,-19.50,-16.42,-20.72,-17.04,-21.97,-17.65,-23.26,-18.25,-24.58,-18.84,-25.92,-19.43,-27.30,-20.00,-29.44,-20.57,-31.51,-21.13,-33.47,-21.68,-35.32,-22.24,-37.06,-22.81,-38.72,-23.41,-40.29,-24.09,-41.78,-24.09,-41.78,-30.60,-47.08,-36.39,-51.49,-41.28,-55.22,-45.47,-58.42,-49.11,-61.19,-52.29,-63.61,-55.10,-65.75,-57.59,-67.66,-59.82,-69.36,-61.83,-70.89,-63.65,-72.28,-65.30,-73.54,-66.81,-74.69,-68.19,-75.74,-69.47,-76.71,-70.64,-77.61,-71.73,-78.44,-72.74,-79.21,-73.68,-79.92,-74.55,-80.59,-75.38,-81.22,-76.14,-81.81,-76.87,-82.36,-77.55,-82.88,-78.19,-83.37,-78.80,-83.83,-79.37,-84.27,-79.91,-84.68,-80.43,-85.07,-80.92,-85.45,-81.38,-85.80,-81.82,-86.14,-82.25,-86.46,-82.65,-86.77,-83.04,-87.06,-83.41,-87.34,-83.76,-87.61,-84.10,-87.87,-84.42,-88.12,-84.73,-88.36,-85.03,-88.58,-85.32,-88.80,-85.60,-89.02,-85.86,-89.22,-86.12,-89.41,-86.37,-89.60,-86.61,-89.79,-86.84,-89.96,-87.06,-90.13,-87.28,-90.30,-87.49,-90.46,-87.69,-90.61,-87.88,-90.76,-88.07,-90.90,-88.26,-91.04,-88.43,-91.18,-88.61,-91.31,-88.77,-91.44,-88.94,-91.56,-89.09,-91.68,-89.25,-91.80,-89.40,-91.91,-89.54,-92.02,-89.68,-92.13,-89.82,-92.24,-89.96,-92.34,-90.09,-92.44,-90.21,-92.54,-90.34,-92.63,-90.46,-92.72,-90.58,-92.81,-90.69,-92.90,-90.80,-92.99,-90.91,-93.07,-91.02,-93.15,-91.12,-93.23,-91.23,-93.31,-91.33,-93.38,-91.42,-93.46,-91.52,-93.53,-91.61,-93.60,-91.70,-93.67,-91.79,-93.74,-91.88,-93.81,-91.96,-93.87,-92.05,-93.94,-92.13,-94.00,-92.21,-94.06,-92.29,-94.12,-92.37,-94.18
SushiSwap,ALCX,WETH,90.09277129884093,0.011023933189805601,4759804.39,-0.37,-0.38,-0.79,-0.79,-1.20,-1.20,-1.60,-1.61,-2.01,-2.01,-2.41,-2.41,-2.80,-2.81,-3.20,-3.21,-3.59,-3.60,-3.98,-3.99,-3.98,-3.99,-4.93,-4.94,-5.87,-5.88,-6.78,-6.80,-7.68,-7.70,-8.57,-8.59,-9.43,-9.45,-10.28,-10.30,-11.11,-11.14,-11.93,-11.96,-12.74,-12.77,-13.53,-13.56,-14.30,-14.33,-15.06,-15.09,-15.81,-15.84,-16.54,-16.58,-17.27,-17.30,-17.98,-18.01,-18.67,-18.71,-19.36,-19.40,-20.03,-20.07,-20.70,-20.74,-21.35,-21.39,-21.99,-22.03,-22.62,-22.67,-23.24,-23.29,-23.85,-23.90,-24.45,-24.50,-25.05,-25.09,-25.63,-25.68,-26.20,-26.25,-26.77,-26.82,-27.32,-27.38,-27.87,-27.92,-28.41,-28.46,-28.94,-29.00,-29.47,-29.52,-29.47,-29.52,-31.49,-31.54,-33.40,-33.45,-35.20,-35.26,-36.91,-36.97,-38.53,-38.59,-40.07,-40.14,-41.54,-41.60,-42.93,-43.00,-44.26,-44.33,-45.53,-45.60,-46.75,-46.81,-47.91,-47.97,-49.02,-49.08,-50.08,-50.15,-51.10,-51.17,-52.08,-52.15,-53.02,-53.09,-53.93,-53.99,-54.80,-54.86,-55.64,-55.70,-56.45,-56.51,-57.23,-57.29,-57.98,-58.04,-58.70,-58.77,-59.40,-59.47,-60.08,-60.14,-60.74,-60.80,-61.37,-61.43,-61.99,-62.05,-62.58,-62.64,-63.16,-63.22,-63.72,-63.78,-64.26,-64.32,-64.79,-64.84,-65.30,-65.35,-65.79,-65.85,-66.28,-66.33,-66.74,-66.80,-67.20,-67.26,-67.64,-67.70,-68.08,-68.13,-68.50,-68.55,-68.91,-68.96,-69.31,-69.36,-69.69,-69.75,-70.07,-70.13,-70.44,-70.50,-70.80,-70.86,-71.16,-71.21,-71.50,-71.55,-71.84,-71.89,-72.16,-72.22,-72.48,-72.54,-72.80,-72.85,-73.10,-73.15,-73.40,-73.45,-73.70,-73.74,-73.98,-74.03,-74.26,-74.31,-74.54,-74.58,-74.80,-74.85,-75.07,-75.11,-75.32,-75.37,-75.58,-75.62,-75.82,-75.87,-76.07,-76.11,-76.30,-76.35,-76.53,-76.58,-76.76,-76.81,-76.99,-77.03,-77.21,-77.25,-77.42,-77.47,-77.63,-77.68,-77.84,-77.88,-78.04,-78.09,-78.24,-78.29,-78.44,-78.48,-78.63,-78.67,-78.82,-78.86,-79.01,-79.05,-79.19,-79.23,-79.37,-79.41,-79.55,-79.59,-79.72,-79.76,-79.89,-79.93,-80.06,-80.10,-80.22,-80.26,-80.38,-80.43,-80.54,-80.58,-80.70,-80.74
SushiSwap,LINK,WETH,170.01635820097152,0.005834108862565192,1871273.49,-0.94,-0.95,-1.97,-1.99,-2.98,-3.01,-3.97,-4.00,-4.94,-4.98,-5.89,-5.93,-6.82,-6.87,-7.73,-7.79,-8.62,-8.69,-9.50,-9.57,-9.50,-9.57,-11.62,-11.70,-13.64,-13.74,-15.57,-15.68,-17.42,-17.54,-19.19,-19.32,-20.88,-21.02,-22.51,-22.65,-24.07,-24.22,-25.56,-25.72,-27.00,-27.17,-28.39,-28.56,-29.72,-29.90,-31.01,-31.19,-32.25,-32.43,-33.44,-33.63,-34.59,-34.79,-35.71,-35.90,-36.79,-36.98,-37.83,-38.03,-38.83,-39.04,-39.81,-40.01,-40.76,-40.96,-41.67,-41.88,-42.56,-42.77,-43.42,-43.63,-44.26,-44.46,-45.07,-45.28,-45.86,-46.07,-46.62,-46.83,-47.37,-47.58,-48.09,-48.30,-48.79,-49.01,-49.48,-49.69,-50.15,-50.36,-50.80,-51.01,-51.43,-51.64,-51.43,-51.64,-53.81,-54.02,-55.96,-56.17,-57.93,-58.13,-59.72,-59.93,-61.37,-61.57,-62.89,-63.09,-64.30,-64.49,-65.60,-65.79,-66.81,-67.00,-67.94,-68.12,-68.99,-69.17,-69.98,-70.16,-70.90,-71.08,-71.77,-71.95,-72.59,-72.76,-73.37,-73.53,-74.10,-74.26,-74.79,-74.95,-75.45,-75.60,-76.07,-76.22,-76.66,-76.81,-77.23,-77.37,-77.76,-77.91,-78.27,-78.42,-78.76,-78.90,-79.23,-79.37,-79.68,-79.81,-80.11,-80.24,-80.52,-80.65,-80.91,-81.04,-81.29,-81.42,-81.65,-81.78,-82.00,-82.13,-82.34,-82.46,-82.67,-82.79,-82.98,-83.10,-83.28,-83.40,-83.57,-83.69,-83.85,-83.97,-84.12,-84.24,-84.39,-84.50,-84.64,-84.75,-84.89,-85.00,-85.13,-85.23,-85.36,-85.46,-85.58,-85.68,-85.80,-85.90,-86.01,-86.11,-86.21,-86.31,-86.41,-86.51,-86.60,-86.70,-86.79,-86.89,-86.97,-87.07,-87.15,-87.25,-87.32,-87.42,-87.49,-87.58,-87.66,-87.75,-87.81,-87.91,-87.97,-88.06,-88.12,-88.21,-88.27,-88.36,-88.41,-88.50,-88.55,-88.64,-88.69,-88.78,-88.83,-88.91,-88.96,-89.04,-89.08,-89.17,-89.21,-89.29,-89.33,-89.41,-89.45,-89.53,-89.57,-89.65,-89.68,-89.76,-89.79,-89.87,-89.90,-89.98,-90.01,-90.08,-90.11,-90.19,-90.22,-90.29,-90.32,-90.39,-90.41,-90.49,-90.51,-90.58,-90.61,-90.68,-90.70,-90.77,-90.79,-90.86,-90.88,-90.95,-90.97,-91.03,-91.05,-91.12,-91.14,-91.20,-91.22,-91.29,-91.30,-91.37,-91.38,-91.44
SushiSwap,THOR,WETH,9192.577807255897,0.0001078709398200735,1650825.00,-1.08,-1.07,-2.25,-2.23,-3.39,-3.37,-4.51,-4.47,-5.61,-5.56,-6.67,-6.62,-7.72,-7.65,-8.74,-8.67,-9.74,-9.66,-10.71,-10.63,-10.71,-10.63,-13.06,-12.96,-15.29,-15.18,-17.41,-17.29,-19.43,-19.29,-21.35,-21.20,-23.18,-23.02,-24.93,-24.76,-26.60,-26.42,-28.19,-28.01,-29.72,-29.54,-31.19,-31.00,-32.59,-32.40,-33.94,-33.74,-35.24,-35.03,-36.48,-36.28,-37.68,-37.47,-38.84,-38.63,-39.95,-39.74,-41.02,-40.81,-42.06,-41.84,-43.06,-42.84,-44.02,-43.80,-44.96,-44.74,-45.86,-45.64,-46.73,-46.51,-47.58,-47.36,-48.40,-48.18,-49.19,-48.97,-49.96,-49.74,-50.71,-50.49,-51.44,-51.21,-52.14,-51.92,-52.82,-52.60,-53.49,-53.27,-54.13,-53.91,-54.76,-54.54,-54.76,-54.54,-57.11,-56.90,-59.23,-59.02,-61.15,-60.94,-62.90,-62.69,-64.49,-64.29,-65.96,-65.76,-67.31,-67.11,-68.55,-68.36,-69.71,-69.52,-70.78,-70.60,-71.78,-71.60,-72.71,-72.54,-73.59,-73.41,-74.41,-74.24,-75.18,-75.01,-75.90,-75.74,-76.58,-76.42,-77.23,-77.07,-77.84,-77.69,-78.42,-78.27,-78.97,-78.82,-79.49,-79.35,-79.99,-79.85,-80.46,-80.32,-80.92,-80.78,-81.35,-81.21,-81.76,-81.63,-82.15,-82.02,-82.53,-82.40,-82.89,-82.77,-83.24,-83.12,-83.58,-83.45,-83.90,-83.78,-84.20,-84.09,-84.50,-84.38,-84.79,-84.67,-85.06,-84.95,-85.33,-85.22,-85.58,-85.47,-85.83,-85.72,-86.07,-85.96,-86.30,-86.20,-86.53,-86.42,-86.74,-86.64,-86.95,-86.85,-87.15,-87.05,-87.35,-87.25,-87.54,-87.45,-87.73,-87.63,-87.91,-87.81,-88.08,-87.99,-88.25,-88.16,-88.42,-88.33,-88.58,-88.49,-88.73,-88.64,-88.88,-88.80,-89.03,-88.95,-89.18,-89.09,-89.32,-89.23,-89.45,-89.37,-89.59,-89.50,-89.72,-89.63,-89.84,-89.76,-89.97,-89.89,-90.09,-90.01,-90.20,-90.13,-90.32,-90.24,-90.43,-90.35,-90.54,-90.46,-90.65,-90.57,-90.75,-90.68,-90.86,-90.78,-90.96,-90.88,-91.05,-90.98,-91.15,-91.08,-91.24,-91.17,-91.34,-91.27,-91.43,-91.36,-91.51,-91.44,-91.60,-91.53,-91.68,-91.62,-91.77,-91.70,-91.85,-91.78,-91.93,-91.86,-92.01,-91.94,-92.08,-92.02,-92.16,-92.09,-92.23,-92.17,-92.31,-92.24,-92.38,-92.31
SushiSwap,FOLD,WETH,180.503286823696,0.0054900581262704445,1302961.22,-1.35,-1.36,-2.81,-2.83,-4.23,-4.26,-5.60,-5.65,-6.94,-6.99,-8.24,-8.30,-9.50,-9.57,-10.73,-10.81,-11.93,-12.01,-13.09,-13.19,-13.09,-13.19,-15.88,-15.98,-18.48,-18.61,-20.94,-21.07,-23.25,-23.39,-25.42,-25.58,-27.48,-27.64,-29.43,-29.60,-31.27,-31.45,-33.02,-33.20,-34.69,-34.87,-36.27,-36.46,-37.78,-37.97,-39.22,-39.41,-40.59,-40.79,-41.91,-42.10,-43.16,-43.36,-44.37,-44.57,-45.52,-45.72,-46.63,-46.83,-47.69,-47.89,-48.71,-48.91,-49.69,-49.89,-50.64,-50.84,-51.55,-51.75,-52.42,-52.62,-53.27,-53.47,-54.08,-54.29,-54.87,-55.07,-55.64,-55.83,-56.37,-56.57,-57.08,-57.28,-57.77,-57.97,-58.44,-58.64,-59.09,-59.28,-59.71,-59.91,-60.32,-60.52,-60.32,-60.52,-62.58,-62.77,-64.60,-64.78,-66.41,-66.59,-68.04,-68.22,-69.52,-69.69,-70.88,-71.04,-72.11,-72.27,-73.25,-73.40,-74.29,-74.45,-75.26,-75.41,-76.16,-76.31,-76.99,-77.14,-77.77,-77.91,-78.50,-78.64,-79.18,-79.31,-79.82,-79.95,-80.42,-80.55,-80.99,-81.11,-81.52,-81.64,-82.03,-82.15,-82.51,-82.62,-82.96,-83.07,-83.39,-83.50,-83.80,-83.91,-84.19,-84.30,-84.56,-84.67,-84.92,-85.02,-85.25,-85.36,-85.58,-85.68,-85.89,-85.99,-86.18,-86.28,-86.47,-86.56,-86.74,-86.83,-87.00,-87.10,-87.26,-87.35,-87.50,-87.59,-87.73,-87.82,-87.96,-88.04,-88.17,-88.26,-88.38,-88.47,-88.58,-88.67,-88.78,-88.86,-88.97,-89.05,-89.15,-89.23,-89.33,-89.40,-89.50,-89.57,-89.66,-89.74,-89.82,-89.90,-89.98,-90.05,-90.13,-90.20,-90.27,-90.34,-90.42,-90.49,-90.55,-90.62,-90.69,-90.76,-90.82,-90.88,-90.94,-91.01,-91.07,-91.13,-91.19,-91.25,-91.30,-91.37,-91.42,-91.48,-91.53,-91.59,-91.64,-91.70,-91.74,-91.80,-91.84,-91.90,-91.94,-92.00,-92.04,-92.10,-92.14,-92.19,-92.23,-92.29,-92.32,-92.38,-92.41,-92.47,-92.50,-92.55,-92.58,-92.64,-92.66,-92.72,-92.74,-92.80,-92.82,-92.88,-92.90,-92.95,-92.98,-93.03,-93.05,-93.10,-93.12,-93.18,-93.20,-93.25,-93.26,-93.32,-93.33,-93.38,-93.40,-93.45,-93.47,-93.51,-93.53,-93.58,-93.59,-93.64,-93.66,-93.70,-93.72,-93.76,-93.78,-93.82,-93.83,-93.88
SushiSwap,AAVE,WETH,23.730821446772783,0.04168209078935416,813251.37,-2.16,-2.15,-4.46,-4.42,-6.65,-6.60,-8.75,-8.68,-10.75,-10.66,-12.67,-12.57,-14.50,-14.39,-16.26,-16.14,-17.95,-17.82,-19.57,-19.43,-19.57,-19.43,-23.36,-23.20,-26.81,-26.63,-29.96,-29.77,-32.85,-32.65,-35.51,-35.30,-37.97,-37.75,-40.25,-40.03,-42.36,-42.14,-44.33,-44.11,-46.17,-45.95,-47.90,-47.67,-49.51,-49.29,-51.03,-50.81,-52.46,-52.24,-53.81,-53.59,-55.09,-54.86,-56.29,-56.07,-57.44,-57.22,-58.52,-58.30,-59.55,-59.34,-60.53,-60.32,-61.47,-61.25,-62.36,-62.15,-63.21,-63.00,-64.02,-63.82,-64.80,-64.60,-65.55,-65.34,-66.26,-66.06,-66.95,-66.75,-67.60,-67.41,-68.24,-68.04,-68.85,-68.65,-69.43,-69.24,-69.99,-69.80,-70.54,-70.35,-71.06,-70.88,-71.06,-70.88,-72.98,-72.80,-74.67,-74.49,-76.15,-75.99,-77.47,-77.31,-78.65,-78.50,-79.72,-79.57,-80.68,-80.54,-81.56,-81.42,-82.36,-82.23,-83.09,-82.96,-83.76,-83.64,-84.39,-84.27,-84.96,-84.85,-85.50,-85.39,-86.00,-85.89,-86.47,-86.36,-86.90,-86.80,-87.31,-87.21,-87.69,-87.60,-88.06,-87.96,-88.40,-88.30,-88.72,-88.63,-89.02,-88.93,-89.31,-89.22,-89.58,-89.50,-89.84,-89.76,-90.09,-90.01,-90.33,-90.25,-90.55,-90.47,-90.77,-90.69,-90.97,-90.90,-91.17,-91.09,-91.35,-91.28,-91.53,-91.46,-91.71,-91.64,-91.87,-91.81,-92.03,-91.97,-92.19,-92.12,-92.33,-92.27,-92.47,-92.41,-92.61,-92.55,-92.74,-92.68,-92.87,-92.81,-92.99,-92.93,-93.11,-93.05,-93.23,-93.17,-93.34,-93.28,-93.44,-93.39,-93.55,-93.49,-93.65,-93.60,-93.75,-93.69,-93.84,-93.79,-93.93,-93.88,-94.02,-93.97,-94.11,-94.06,-94.19,-94.14,-94.27,-94.23,-94.35,-94.31,-94.43,-94.38,-94.51,-94.46,-94.58,-94.53,-94.65,-94.61,-94.72,-94.68,-94.79,-94.74,-94.85,-94.81,-94.92,-94.87,-94.98,-94.94,-95.04,-95.00,-95.10,-95.06,-95.16,-95.12,-95.22,-95.18,-95.27,-95.23,-95.33,-95.29,-95.38,-95.34,-95.43,-95.39,-95.48,-95.44,-95.53,-95.49,-95.58,-95.54,-95.63,-95.59,-95.67,-95.64,-95.72,-95.68,-95.76,-95.73,-95.81,-95.77,-95.85,-95.82,-95.89,-95.86,-95.93,-95.90,-95.97,-95.94,-96.01,-95.98,-96.05,-96.02,-96.09,-96.06
SushiSwap,CVX,WETH,780.1641725965407,0.001265946400352797,620003.83,-2.80,-2.81,-5.74,-5.75,-8.50,-8.51,-11.11,-11.12,-13.57,-13.58,-15.90,-15.92,-18.10,-18.12,-20.20,-20.22,-22.19,-22.21,-24.08,-24.11,-24.08,-24.11,-28.43,-28.46,-32.31,-32.34,-35.79,-35.82,-38.93,-38.97,-41.78,-41.81,-44.37,-44.41,-46.74,-46.78,-48.92,-48.96,-50.93,-50.97,-52.79,-52.82,-54.51,-54.54,-56.10,-56.14,-57.60,-57.63,-58.99,-59.02,-60.29,-60.33,-61.52,-61.55,-62.67,-62.70,-63.75,-63.79,-64.77,-64.81,-65.74,-65.77,-66.65,-66.69,-67.52,-67.55,-68.35,-68.38,-69.13,-69.16,-69.87,-69.90,-70.58,-70.61,-71.26,-71.29,-71.91,-71.94,-72.52,-72.55,-73.12,-73.15,-73.68,-73.71,-74.23,-74.25,-74.75,-74.78,-75.25,-75.28,-75.73,-75.76,-76.19,-76.22,-76.19,-76.22,-77.88,-77.90,-79.34,-79.37,-80.62,-80.65,-81.76,-81.78,-82.76,-82.79,-83.67,-83.69,-84.48,-84.50,-85.21,-85.23,-85.88,-85.90,-86.49,-86.51,-87.05,-87.07,-87.57,-87.59,-88.04,-88.06,-88.49,-88.50,-88.90,-88.91,-89.28,-89.29,-89.63,-89.65,-89.97,-89.98,-90.28,-90.29,-90.57,-90.59,-90.85,-90.86,-91.11,-91.12,-91.36,-91.37,-91.59,-91.60,-91.81,-91.82,-92.02,-92.03,-92.22,-92.23,-92.41,-92.42,-92.59,-92.60,-92.76,-92.77,-92.92,-92.93,-93.08,-93.09,-93.23,-93.24,-93.37,-93.38,-93.51,-93.52,-93.64,-93.65,-93.77,-93.78,-93.89,-93.90,-94.01,-94.02,-94.12,-94.13,-94.23,-94.24,-94.34,-94.34,-94.44,-94.44,-94.53,-94.54,-94.63,-94.64,-94.72,-94.73,-94.81,-94.81,-94.89,-94.90,-94.97,-94.98,-95.05,-95.06,-95.13,-95.14,-95.21,-95.21,-95.28,-95.28,-95.35,-95.36,-95.42,-95.42,-95.48,-95.49,-95.55,-95.55,-95.61,-95.62,-95.67,-95.68,-95.73,-95.74,-95.79,-95.79,-95.84,-95.85,-95.90,-95.90,-95.95,-95.96,-96.00,-96.01,-96.05,-96.06,-96.10,-96.11,-96.15,-96.16,-96.20,-96.20,-96.24,-96.25,-96.29,-96.29,-96.33,-96.34,-96.37,-96.38,-96.42,-96.42,-96.46,-96.46,-96.50,-96.50,-96.54,-96.54,-96.57,-96.58,-96.61,-96.62,-96.65,-96.65,-96.68,-96.69,-96.72,-96.72,-96.75,-96.76,-96.79,-96.79,-96.82,-96.82,-96.85,-96.85,-96.88,-96.89,-96.91,-96.92,-96.94,-96.95,-96.97,-96.98
Uniswap V2,ATOR,WETH,2078.8919148956306,0.000477701729446789,4313279.57,-0.42,-0.41,-0.89,-0.85,-1.35,-1.30,-1.80,-1.74,-2.26,-2.17,-2.70,-2.61,-3.15,-3.03,-3.59,-3.46,-4.02,-3.88,-4.45,-4.30,-4.45,-4.30,-5.52,-5.32,-6.56,-6.33,-7.57,-7.31,-8.57,-8.28,-9.54,-9.22,-10.50,-10.15,-11.43,-11.05,-12.34,-11.94,-13.24,-12.81,-14.12,-13.67,-14.98,-14.50,-15.82,-15.32,-16.64,-16.13,-17.45,-16.92,-18.25,-17.69,-19.03,-18.45,-19.79,-19.20,-20.54,-19.94,-21.28,-20.66,-22.00,-21.36,-22.71,-22.06,-23.41,-22.74,-24.09,-23.41,-24.77,-24.07,-25.43,-24.72,-26.08,-25.36,-26.71,-25.98,-27.34,-26.60,-27.96,-27.20,-28.56,-27.80,-29.16,-28.39,-29.75,-28.96,-30.32,-29.53,-30.89,-30.09,-31.45,-30.64,-32.00,-31.18,-32.00,-31.18,-34.11,-33.26,-36.09,-35.22,-37.96,-37.07,-39.72,-38.82,-41.38,-40.47,-42.96,-42.04,-44.45,-43.52,-45.87,-44.93,-47.21,-46.27,-48.49,-47.55,-49.71,-48.77,-50.88,-49.93,-51.99,-51.04,-53.05,-52.11,-54.06,-53.13,-55.04,-54.10,-55.97,-55.04,-56.86,-55.94,-57.72,-56.80,-58.55,-57.63,-59.34,-58.43,-60.11,-59.20,-60.84,-59.94,-61.55,-60.65,-62.23,-61.34,-62.89,-62.01,-63.53,-62.65,-64.15,-63.28,-64.74,-63.88,-65.32,-64.46,-65.88,-65.02,-66.42,-65.57,-66.94,-66.10,-67.45,-66.61,-67.94,-67.11,-68.41,-67.59,-68.88,-68.06,-69.33,-68.52,-69.76,-68.96,-70.19,-69.39,-70.60,-69.81,-71.00,-70.22,-71.39,-70.62,-71.77,-71.00,-72.14,-71.38,-72.50,-71.75,-72.86,-72.10,-73.20,-72.45,-73.53,-72.79,-73.86,-73.12,-74.18,-73.45,-74.49,-73.76,-74.79,-74.07,-75.09,-74.37,-75.37,-74.67,-75.66,-74.96,-75.93,-75.24,-76.20,-75.51,-76.47,-75.78,-76.72,-76.04,-76.98,-76.30,-77.22,-76.55,-77.46,-76.80,-77.70,-77.04,-77.93,-77.28,-78.16,-77.51,-78.38,-77.74,-78.60,-77.96,-78.81,-78.18,-79.02,-78.39,-79.23,-78.60,-79.43,-78.81,-79.63,-79.01,-79.82,-79.21,-80.01,-79.40,-80.20,-79.59,-80.38,-79.78,-80.56,-79.96,-80.74,-80.14,-80.91,-80.32,-81.08,-80.49,-81.25,-80.67,-81.41,-80.83,-81.57,-81.00,-81.73,-81.16,-81.89,-81.32,-82.04,-81.48,-82.19,-81.63,-82.34,-81.78,-82.48,-81.93
Uniswap V2,$PAAL,WETH,17188.136674132096,0.000057767162587235366,3604049.58,-0.78,-0.21,-1.31,-0.76,-1.84,-1.31,-2.37,-1.85,-2.89,-2.39,-3.40,-2.92,-3.91,-3.45,-4.41,-3.96,-4.90,-4.48,-5.40,-4.98,-5.40,-4.98,-6.60,-6.23,-7.78,-7.45,-8.93,-8.63,-10.05,-9.78,-11.14,-10.91,-12.21,-12.00,-13.25,-13.07,-14.26,-14.12,-15.25,-15.14,-16.22,-16.13,-17.17,-17.10,-18.10,-18.05,-19.01,-18.98,-19.89,-19.89,-20.76,-20.78,-21.61,-21.65,-22.44,-22.50,-23.25,-23.33,-24.05,-24.14,-24.83,-24.94,-25.59,-25.72,-26.34,-26.48,-27.08,-27.23,-27.80,-27.96,-28.50,-28.68,-29.19,-29.39,-29.87,-30.08,-30.54,-30.75,-31.19,-31.42,-31.83,-32.07,-32.46,-32.71,-33.08,-33.34,-33.68,-33.95,-34.28,-34.56,-34.86,-35.15,-35.44,-35.73,-35.44,-35.73,-37.64,-37.96,-39.69,-40.04,-41.62,-41.99,-43.42,-43.81,-45.12,-45.53,-46.72,-47.14,-48.23,-48.66,-49.65,-50.09,-51.00,-51.45,-52.28,-52.73,-53.49,-53.95,-54.64,-55.10,-55.74,-56.21,-56.79,-57.25,-57.78,-58.25,-58.73,-59.20,-59.64,-60.11,-60.52,-60.99,-61.35,-61.82,-62.15,-62.62,-62.92,-63.38,-63.65,-64.12,-64.36,-64.82,-65.04,-65.50,-65.70,-66.16,-66.33,-66.79,-66.94,-67.39,-67.52,-67.98,-68.09,-68.54,-68.64,-69.08,-69.17,-69.61,-69.68,-70.12,-70.17,-70.61,-70.65,-71.08,-71.11,-71.54,-71.56,-71.99,-72.00,-72.42,-72.42,-72.84,-72.83,-73.25,-73.23,-73.64,-73.61,-74.03,-73.99,-74.40,-74.35,-74.76,-74.71,-75.11,-75.05,-75.45,-75.39,-75.79,-75.71,-76.11,-76.03,-76.42,-76.34,-76.73,-76.64,-77.03,-76.94,-77.32,-77.23,-77.61,-77.51,-77.88,-77.78,-78.15,-78.05,-78.42,-78.31,-78.67,-78.56,-78.93,-78.81,-79.17,-79.05,-79.41,-79.29,-79.65,-79.52,-79.88,-79.75,-80.10,-79.97,-80.32,-80.18,-80.53,-80.40,-80.74,-80.60,-80.95,-80.81,-81.15,-81.01,-81.35,-81.20,-81.54,-81.39,-81.73,-81.58,-81.91,-81.76,-82.09,-81.94,-82.27,-82.12,-82.44,-82.29,-82.62,-82.46,-82.78,-82.63,-82.95,-82.79,-83.11,-82.95,-83.27,-83.11,-83.42,-83.27,-83.57,-83.42,-83.72,-83.57,-83.87,-83.71,-84.01,-83.86,-84.16,-84.00,-84.30,-84.14,-84.43,-84.27,-84.57,-84.41,-84.70,-84.54,-84.83
Uniswap V2,RSTK,WETH,1246.0875593208807,0.0007964598331491437,2554046.65,-0.70,-0.69,-1.47,-1.45,-2.22,-2.20,-2.96,-2.94,-3.70,-3.67,-4.42,-4.38,-5.13,-5.09,-5.83,-5.78,-6.52,-6.47,-7.20,-7.14,-7.20,-7.14,-8.85,-8.79,-10.45,-10.38,-11.99,-11.91,-13.48,-13.39,-14.93,-14.83,-16.32,-16.21,-17.67,-17.55,-18.98,-18.85,-20.24,-20.11,-21.47,-21.33,-22.66,-22.52,-23.81,-23.67,-24.93,-24.78,-26.02,-25.86,-27.07,-26.92,-28.10,-27.94,-29.10,-28.94,-30.07,-29.90,-31.01,-30.84,-31.93,-31.76,-32.83,-32.65,-33.70,-33.52,-34.55,-34.37,-35.38,-35.20,-36.19,-36.00,-36.97,-36.79,-37.74,-37.56,-38.49,-38.30,-39.22,-39.03,-39.94,-39.75,-40.64,-40.45,-41.32,-41.13,-41.99,-41.79,-42.64,-42.44,-43.27,-43.08,-43.90,-43.70,-43.90,-43.70,-46.26,-46.06,-48.43,-48.23,-50.43,-50.23,-52.28,-52.09,-54.00,-53.81,-55.60,-55.41,-57.09,-56.90,-58.49,-58.30,-59.80,-59.61,-61.02,-60.83,-62.18,-61.99,-63.27,-63.08,-64.29,-64.11,-65.27,-65.08,-66.19,-66.01,-67.06,-66.88,-67.89,-67.71,-68.67,-68.50,-69.42,-69.26,-70.14,-69.97,-70.82,-70.66,-71.47,-71.31,-72.10,-71.94,-72.69,-72.54,-73.27,-73.11,-73.81,-73.66,-74.34,-74.19,-74.85,-74.70,-75.33,-75.18,-75.80,-75.65,-76.25,-76.11,-76.68,-76.54,-77.10,-76.96,-77.51,-77.37,-77.89,-77.76,-78.27,-78.14,-78.63,-78.50,-78.99,-78.85,-79.33,-79.20,-79.66,-79.53,-79.97,-79.85,-80.28,-80.16,-80.58,-80.46,-80.87,-80.75,-81.16,-81.04,-81.43,-81.31,-81.70,-81.58,-81.96,-81.84,-82.21,-82.09,-82.45,-82.34,-82.69,-82.58,-82.92,-82.81,-83.15,-83.04,-83.37,-83.26,-83.58,-83.47,-83.79,-83.68,-83.99,-83.88,-84.19,-84.08,-84.38,-84.28,-84.57,-84.47,-84.76,-84.65,-84.94,-84.83,-85.11,-85.01,-85.28,-85.18,-85.45,-85.35,-85.62,-85.52,-85.78,-85.68,-85.93,-85.84,-86.09,-85.99,-86.24,-86.14,-86.38,-86.29,-86.53,-86.43,-86.67,-86.57,-86.80,-86.71,-86.94,-86.85,-87.07,-86.98,-87.20,-87.11,-87.33,-87.24,-87.45,-87.37,-87.58,-87.49,-87.69,-87.61,-87.81,-87.73,-87.93,-87.84,-88.04,-87.96,-88.15,-88.07,-88.26,-88.18,-88.37,-88.29,-88.47,-88.39,-88.58,-88.49,-88.68,-88.60
Uniswap V2,$Reach,WETH,24739.318619435635,0.000039902146334975874,575257.34,-3.06,-2.97,-6.25,-6.07,-9.24,-8.98,-12.04,-11.71,-14.68,-14.28,-17.16,-16.71,-19.50,-19.00,-21.71,-21.17,-23.80,-23.23,-25.79,-25.18,-25.79,-25.18,-30.33,-29.66,-34.34,-33.63,-37.92,-37.17,-41.13,-40.36,-44.02,-43.23,-46.64,-45.85,-49.03,-48.23,-51.21,-50.41,-53.21,-52.42,-55.06,-54.27,-56.76,-55.98,-58.34,-57.57,-59.81,-59.04,-61.18,-60.42,-62.46,-61.71,-63.66,-62.92,-64.78,-64.05,-65.84,-65.12,-66.83,-66.12,-67.77,-67.07,-68.66,-67.97,-69.49,-68.82,-70.29,-69.62,-71.04,-70.39,-71.76,-71.11,-72.44,-71.81,-73.10,-72.47,-73.72,-73.09,-74.31,-73.70,-74.88,-74.27,-75.42,-74.82,-75.94,-75.35,-76.43,-75.86,-76.91,-76.34,-77.37,-76.81,-77.81,-77.26,-77.81,-77.26,-79.41,-78.89,-80.80,-80.30,-82.01,-81.54,-83.08,-82.63,-84.03,-83.60,-84.88,-84.46,-85.64,-85.24,-86.33,-85.95,-86.96,-86.59,-87.53,-87.17,-88.05,-87.71,-88.53,-88.20,-88.97,-88.66,-89.39,-89.08,-89.77,-89.47,-90.12,-89.83,-90.45,-90.17,-90.76,-90.49,-91.05,-90.79,-91.32,-91.07,-91.58,-91.33,-91.82,-91.58,-92.05,-91.81,-92.27,-92.04,-92.47,-92.25,-92.66,-92.45,-92.85,-92.63,-93.02,-92.81,-93.19,-92.99,-93.35,-93.15,-93.50,-93.31,-93.65,-93.45,-93.79,-93.60,-93.92,-93.73,-94.04,-93.86,-94.17,-93.99,-94.28,-94.11,-94.40,-94.23,-94.50,-94.34,-94.61,-94.44,-94.71,-94.55,-94.80,-94.65,-94.90,-94.74,-94.99,-94.83,-95.07,-94.92,-95.16,-95.01,-95.24,-95.09,-95.32,-95.17,-95.39,-95.25,-95.47,-95.33,-95.54,-95.40,-95.61,-95.47,-95.67,-95.54,-95.74,-95.61,-95.80,-95.67,-95.86,-95.73,-95.92,-95.79,-95.98,-95.85,-96.03,-95.91,-96.09,-95.97,-96.14,-96.02,-96.19,-96.08,-96.24,-96.13,-96.29,-96.18,-96.34,-96.23,-96.39,-96.27,-96.43,-96.32,-96.48,-96.37,-96.52,-96.41,-96.56,-96.45,-96.60,-96.50,-96.64,-96.54,-96.68,-96.58,-96.72,-96.62,-96.76,-96.66,-96.79,-96.69,-96.83,-96.73,-96.86,-96.77,-96.90,-96.80,-96.93,-96.84,-96.96,-96.87,-97.00,-96.90,-97.03,-96.93,-97.06,-96.97,-97.09,-97.00,-97.12,-97.03,-97.15,-97.06,-97.17,-97.09,-97.20,-97.11,-97.23,-97.14
