DEX,TokenA,TokenB,Pool Address,Price Token B in A,Price Token A in B,Pool Size,Slip$10kAtoB,Slip$10kBtoA,Slip$20kAtoB,Slip$20kBtoA,Slip$30kAtoB,Slip$30kBtoA,Slip$40kAtoB,Slip$40kBtoA,Slip$50kAtoB,Slip$50kBtoA,Slip$60kAtoB,Slip$60kBtoA,Slip$70kAtoB,Slip$70kBtoA,Slip$80kAtoB,Slip$80kBtoA,Slip$90kAtoB,Slip$90kBtoA,Slip$100kAtoB,Slip$100kBtoA,Slip$125kAtoB,Slip$125kBtoA,Slip$150kAtoB,Slip$150kBtoA,Slip$175kAtoB,Slip$175kBtoA,Slip$200kAtoB,Slip$200kBtoA,Slip$225kAtoB,Slip$225kBtoA,Slip$250kAtoB,Slip$250kBtoA,Slip$275kAtoB,Slip$275kBtoA,Slip$300kAtoB,Slip$300kBtoA,Slip$325kAtoB,Slip$325kBtoA,Slip$350kAtoB,Slip$350kBtoA,Slip$375kAtoB,Slip$375kBtoA,Slip$400kAtoB,Slip$400kBtoA,Slip$425kAtoB,Slip$425kBtoA,Slip$450kAtoB,Slip$450kBtoA,Slip$475kAtoB,Slip$475kBtoA,Slip$500kAtoB,Slip$500kBtoA,Slip$525kAtoB,Slip$525kBtoA,Slip$550kAtoB,Slip$550kBtoA,Slip$575kAtoB,Slip$575kBtoA,Slip$600kAtoB,Slip$600kBtoA,Slip$625kAtoB,Slip$625kBtoA,Slip$650kAtoB,Slip$650kBtoA,Slip$675kAtoB,Slip$675kBtoA,Slip$700kAtoB,Slip$700kBtoA,Slip$725kAtoB,Slip$725kBtoA,Slip$750kAtoB,Slip$750kBtoA,Slip$775kAtoB,Slip$775kBtoA,Slip$800kAtoB,Slip$800kBtoA,Slip$825kAtoB,Slip$825kBtoA,Slip$850kAtoB,Slip$850kBtoA,Slip$875kAtoB,Slip$875kBtoA,Slip$900kAtoB,Slip$900kBtoA,Slip$925kAtoB,Slip$925kBtoA,Slip$950kAtoB,Slip$950kBtoA,Slip$975kAtoB,Slip$975kBtoA,Slip$1000kAtoB,Slip$1000kBtoA,Slip$1100kAtoB,Slip$1100kBtoA,Slip$1200kAtoB,Slip$1200kBtoA,Slip$1300kAtoB,Slip$1300kBtoA,Slip$1400kAtoB,Slip$1400kBtoA,Slip$1500kAtoB,Slip$1500kBtoA,Slip$1600kAtoB,Slip$1600kBtoA,Slip$1700kAtoB,Slip$1700kBtoA,Slip$1800kAtoB,Slip$1800kBtoA,Slip$1900kAtoB,Slip$1900kBtoA,Slip$2000kAtoB,Slip$2000kBtoA,Slip$2100kAtoB,Slip$2100kBtoA,Slip$2200kAtoB,Slip$2200kBtoA,Slip$2300kAtoB,Slip$2300kBtoA,Slip$2400kAtoB,Slip$2400kBtoA,Slip$2500kAtoB,Slip$2500kBtoA,Slip$2600kAtoB,Slip$2600kBtoA,Slip$2700kAtoB,Slip$2700kBtoA,Slip$2800kAtoB,Slip$2800kBtoA,Slip$2900kAtoB,Slip$2900kBtoA,Slip$3000kAtoB,Slip$3000kBtoA,Slip$3100kAtoB,Slip$3100kBtoA,Slip$3200kAtoB,Slip$3200kBtoA,Slip$3300kAtoB,Slip$3300kBtoA,Slip$3400kAtoB,Slip$3400kBtoA,Slip$3500kAtoB,Slip$3500kBtoA,Slip$3600kAtoB,Slip$3600kBtoA,Slip$3700kAtoB,Slip$3700kBtoA,Slip$3800kAtoB,Slip$3800kBtoA,Slip$3900kAtoB,Slip$3900kBtoA,Slip$4000kAtoB,Slip$4000kBtoA,Slip$4100kAtoB,Slip$4100kBtoA,Slip$4200kAtoB,Slip$4200kBtoA,Slip$4300kAtoB,Slip$4300kBtoA,Slip$4400kAtoB,Slip$4400kBtoA,Slip$4500kAtoB,Slip$4500kBtoA,Slip$4600kAtoB,Slip$4600kBtoA,Slip$4700kAtoB,Slip$4700kBtoA,Slip$4800kAtoB,Slip$4800kBtoA,Slip$4900kAtoB,Slip$4900kBtoA,Slip$5000kAtoB,Slip$5000kBtoA,Slip$5100kAtoB,Slip$5100kBtoA,Slip$5200kAtoB,Slip$5200kBtoA,Slip$5300kAtoB,Slip$5300kBtoA,Slip$5400kAtoB,Slip$5400kBtoA,Slip$5500kAtoB,Slip$5500kBtoA,Slip$5600kAtoB,Slip$5600kBtoA,Slip$5700kAtoB,Slip$5700kBtoA,Slip$5800kAtoB,Slip$5800kBtoA,Slip$5900kAtoB,Slip$5900kBtoA,Slip$6000kAtoB,Slip$6000kBtoA,Slip$6100kAtoB,Slip$6100kBtoA,Slip$6200kAtoB,Slip$6200kBtoA,Slip$6300kAtoB,Slip$6300kBtoA,Slip$6400kAtoB,Slip$6400kBtoA,Slip$6500kAtoB,Slip$6500kBtoA,Slip$6600kAtoB,Slip$6600kBtoA,Slip$6700kAtoB,Slip$6700kBtoA,Slip$6800kAtoB,Slip$6800kBtoA,Slip$6900kAtoB,Slip$6900kBtoA,Slip$7000kAtoB,Slip$7000kBtoA,Slip$7100kAtoB,Slip$7100kBtoA,Slip$7200kAtoB,Slip$7200kBtoA,Slip$7300kAtoB,Slip$7300kBtoA,Slip$7400kAtoB,Slip$7400kBtoA,Slip$7500kAtoB,Slip$7500kBtoA,Slip$7600kAtoB,Slip$7600kBtoA,Slip$7700kAtoB,Slip$7700kBtoA,Slip$7800kAtoB,Slip$7800kBtoA,Slip$7900kAtoB,Slip$7900kBtoA,Slip$8000kAtoB,Slip$8000kBtoA,Slip$8100kAtoB,Slip$8100kBtoA,Slip$8200kAtoB,Slip$8200kBtoA,Slip$8300kAtoB,Slip$8300kBtoA,Slip$8400kAtoB,Slip$8400kBtoA,Slip$8500kAtoB,Slip$8500kBtoA,Slip$8600kAtoB,Slip$8600kBtoA,Slip$8700kAtoB,Slip$8700kBtoA,Slip$8800kAtoB,Slip$8800kBtoA,Slip$8900kAtoB,Slip$8900kBtoA,Slip$9000kAtoB,Slip$9000kBtoA,Slip$9100kAtoB,Slip$9100kBtoA,Slip$9200kAtoB,Slip$9200kBtoA,Slip$9300kAtoB,Slip$9300kBtoA,Slip$9400kAtoB,Slip$9400kBtoA,Slip$9500kAtoB,Slip$9500kBtoA,Slip$9600kAtoB,Slip$9600kBtoA,Slip$9700kAtoB,Slip$9700kBtoA,Slip$9800kAtoB,Slip$9800kBtoA,Slip$9900kAtoB,Slip$9900kBtoA,Slip$10000kAtoB,Slip$10000kBtoA

Uniswap V3,WETH,SWETH,0x30ea22c879628514f1494d4bbfef79d21a6b49a2,1.0408207416039836,0.9598165498809045,2611650,-0.00,-0.00,-0.00,-0.00,-0.00,-0.00,-0.01,-0.01,-0.01,-0.01,-0.01,-0.01,-0.01,-0.01,-0.01,-0.01,-0.01,-0.01,-0.02,-0.02,-0.02,-0.02,-0.02,-0.02,-0.03,-0.03,-0.03,-0.04,-0.04,-0.06,-0.04,-0.07,-0.04,-0.09,-0.05,-0.12,-0.05,-0.14,-0.06,-0.16,-0.06,-0.18,-0.07,-0.21,-0.07,-0.23,-0.07,-0.26,-0.08,-0.28,-0.08,-0.31,-0.09,-0.33,-0.09,-0.36,-0.09,-0.38,-0.10,-0.41,-0.10,-0.43,-0.11,-0.46,-0.11,-0.49,-0.11,-0.53,-0.12,-0.58,-0.12,-0.62,-0.13,-1.09,-0.13,-4.11,-0.14,-7.00,-0.14,-9.73,-0.14,-12.31,-0.15,-14.75,-0.15,-17.05,-0.16,-19.23,-0.16,-21.30,-0.16,-23.27,-0.18,-30.24,-0.20,-36.06,-0.21,-40.98,-0.23,-45.19,-0.25,-48.85,-0.26,-52.04,-0.28,-54.86,-0.37,-57.37,-2.87,-59.61,-7.73,-61.63,-12.12,-63.46,-16.11,-65.12,-19.76,-66.64,-23.10,-68.03,-26.18,-69.31,-29.02,-70.49,-31.65,-71.58,-34.09,-72.60,-36.36,-73.54,-38.48,-74.42,-40.47,-75.25,-42.33,-76.02,-44.08,-76.75,-45.72,-77.43,-47.27,-78.08,-48.74,-78.69,-50.12,-79.26,-51.43,-79.81,-52.68,-80.32,-53.86,-80.82,-54.99,-81.28,-56.06,-81.73,-57.08,-82.16,-58.06,-82.56,-58.99,-82.95,-59.88,-83.32,-60.73,-83.67,-61.55,-84.01,-62.34,-84.34,-63.09,-84.65,-63.81,-84.95,-64.51,-85.24,-65.18,-85.52,-65.82,-85.79,-66.45,-86.05,-67.04,-86.30,-67.62,-86.54,-68.18,-86.77,-68.72,-86.99,-69.24,-87.21,-69.75,-87.42,-70.23,-87.62,-70.71,-87.82,-71.16,-88.01,-71.61,-88.19,-72.04,-88.37,-72.45,-88.55,-72.86,-88.72,-73.25,-88.88,-73.64,-89.04,-74.01,-89.19,-74.37,-89.34,-74.72,-89.49,-75.06,-89.63,-75.39,-89.77,-75.72,-89.90,-76.03,-90.03,-76.34,-90.16,-76.64,-90.29,-76.93,-90.41,-77.22,-90.53,-77.49,-90.64,-77.76,-90.76,-78.03,-90.87,-78.29,-90.97,-78.54,-91.08,-78.79,-91.18,-79.03,-91.28,-79.26,-91.38,-79.49,-91.47,-79.72,-91.57,-79.94,-91.66,-80.16,-91.75,-80.37,-91.84,-80.57,-91.92,-80.78,-92.01,-80.97,-92.09,-81.17,-92.17,-81.36,-92.25,-81.54,-92.33
Uniswap V3,wstETH,WETH,0x109830a1aaad605bbf02a9dfa7b0b92ec2fb7daa,0.8664197760960413,1.1530183097864912,34009256,-0.00,-0.00,-0.00,-0.00,-0.00,-0.00,-0.00,-0.00,-0.01,-0.01,-0.01,-0.01,-0.01,-0.01,-0.01,-0.01,-0.01,-0.01,-0.01,-0.01,-0.01,-0.01,-0.02,-0.02,-0.02,-0.02,-0.02,-0.02,-0.03,-0.03,-0.03,-0.03,-0.03,-0.03,-0.04,-0.04,-0.04,-0.04,-0.04,-0.04,-0.05,-0.04,-0.17,-0.05,-3.40,-0.05,-8.77,-0.05,-13.57,-1.73,-17.89,-6.65,-21.80,-11.09,-25.36,-15.13,-28.60,-18.82,-31.58,-22.21,-34.32,-25.32,-36.84,-28.19,-39.18,-30.85,-41.35,-33.32,-43.38,-35.62,-45.26,-37.77,-47.03,-39.77,-48.68,-41.66,-50.24,-43.42,-51.70,-45.09,-53.08,-46.66,-54.39,-48.14,-55.62,-49.54,-56.79,-50.87,-57.89,-52.13,-58.95,-53.32,-62.68,-57.57,-65.79,-61.10,-68.42,-64.10,-70.68,-66.66,-72.63,-68.88,-74.34,-70.83,-75.85,-72.54,-77.19,-74.07,-78.39,-75.43,-79.47,-76.66,-80.45,-77.77,-81.34,-78.78,-82.15,-79.71,-82.89,-80.55,-83.58,-81.33,-84.21,-82.05,-84.80,-82.71,-85.34,-83.33,-85.84,-83.90,-86.32,-84.44,-86.76,-84.94,-87.17,-85.41,-87.56,-85.86,-87.93,-86.27,-88.27,-86.66,-88.60,-87.03,-88.90,-87.38,-89.20,-87.72,-89.47,-88.03,-89.74,-88.33,-89.99,-88.62,-90.23,-88.89,-90.45,-89.15,-90.67,-89.39,-90.88,-89.63,-91.08,-89.85,-91.27,-90.07,-91.45,-90.28,-91.62,-90.47,-91.79,-90.66,-91.95,-90.85,-92.11,-91.02,-92.25,-91.19,-92.40,-91.36,-92.54,-91.51,-92.67,-91.67,-92.80,-91.81,-92.92,-91.95,-93.04,-92.09,-93.16,-92.22,-93.27,-92.35,-93.38,-92.47,-93.48,-92.59,-93.59,-92.71,-93.68,-92.82,-93.78,-92.93,-93.87,-93.03,-93.96,-93.14,-94.05,-93.24,-94.14,-93.33,-94.22,-93.43,-94.30,-93.52,-94.38,-93.61,-94.45,-93.69,-94.53,-93.78,-94.60,-93.86,-94.67,-93.94,-94.74,-94.02,-94.80,-94.09,-94.87,-94.17,-94.93,-94.24,-94.99,-94.31,-95.05,-94.38,-95.11,-94.44,-95.17,-94.51,-95.23,-94.57,-95.28,-94.63,-95.33,-94.70,-95.39,-94.76,-95.44,-94.81,-95.49,-94.87,-95.54,-94.93,-95.59,-94.98,-95.63,-95.03,-95.68,-95.09,-95.72,-95.14,-95.77,-95.19,-95.81,-95.24,-95.85,-95.29,-95.89,-95.33
Uniswap V3,rETH,WETH,0xa4e0faa58465a2d369aa21b3e42d43374c6f9613,0.9119044895943664,1.0955041614889824,4366821,-0.00,-0.00,-0.00,-0.00,-0.01,-0.01,-0.01,-0.01,-0.01,-0.01,-0.02,-0.01,-0.02,-0.02,-0.02,-0.02,-0.02,-0.02,-0.03,-0.02,-0.03,-0.02,-0.04,-0.02,-0.05,-0.03,-0.06,-0.03,-0.07,-0.03,-0.08,-0.03,-0.09,-0.03,-0.11,-0.03,-0.12,-0.03,-0.14,-0.03,-0.15,-0.03,-0.16,-0.03,-0.18,-0.03,-0.20,-0.04,-0.21,-0.04,-0.23,-0.04,-0.25,-0.04,-0.28,-0.04,-0.32,-0.04,-0.37,-0.04,-0.43,-0.04,-0.49,-0.04,-0.55,-0.04,-0.62,-0.04,-0.69,-0.04,-0.76,-0.04,-0.84,-0.05,-0.93,-0.05,-2.59,-0.05,-5.45,-0.05,-8.15,-0.05,-10.71,-0.05,-13.12,-0.05,-15.41,-0.05,-17.57,-0.05,-19.64,-0.05,-26.94,-0.05,-33.03,-0.06,-38.18,-0.06,-42.60,-0.06,-46.42,-0.07,-49.77,-0.07,-52.73,-0.07,-55.35,-0.07,-57.70,-0.08,-59.82,-0.08,-61.73,-0.08,-63.47,-0.09,-65.06,-0.09,-66.51,-0.10,-67.85,-0.11,-69.09,-0.11,-70.24,-0.12,-71.30,-0.13,-72.29,-0.15,-73.21,-0.16,-74.08,-0.18,-74.89,-0.21,-75.65,-0.24,-76.36,-0.27,-77.04,-0.30,-77.68,-1.12,-78.28,-3.79,-78.85,-6.32,-79.39,-8.72,-79.91,-11.01,-80.40,-13.18,-80.87,-15.24,-81.31,-17.22,-81.74,-19.10,-82.14,-20.89,-82.53,-22.61,-82.90,-24.26,-83.26,-25.84,-83.60,-27.35,-83.93,-28.80,-84.24,-30.20,-84.55,-31.54,-84.84,-32.83,-85.12,-34.08,-85.39,-35.28,-85.65,-36.43,-85.90,-37.55,-86.14,-38.62,-86.38,-39.67,-86.61,-40.67,-86.83,-41.64,-87.04,-42.58,-87.24,-43.50,-87.44,-44.38,-87.64,-45.23,-87.82,-46.06,-88.01,-46.87,-88.18,-47.65,-88.35,-48.41,-88.52,-49.15,-88.68,-49.86,-88.84,-50.56,-88.99,-51.24,-89.14,-51.90,-89.28,-52.54,-89.43,-53.16,-89.56,-53.77,-89.70,-54.36,-89.83,-54.94,-89.95,-55.50,-90.08,-56.05,-90.20,-56.59,-90.32,-57.11,-90.43,-57.62,-90.55,-58.12,-90.66,-58.61,-90.76,-59.08,-90.87,-59.55,-90.97,-60.00,-91.07,-60.45,-91.17,-60.88,-91.26,-61.31,-91.36,-61.72,-91.45,-62.13,-91.54,-62.53,-91.63,-62.92,-91.71,-63.30,-91.80,-63.68,-91.88,-64.04,-91.96,-64.40
Uniswap V3,ETHx,WETH,0x1b9669b12959Ad51B01FaBcF01EaBDFADB82f578,0.9817637134343474,1.0175526849833112,1521300,-0.00,-0.00,-0.00,-0.00,-0.01,-0.01,-0.01,-0.01,-0.01,-0.01,-0.01,-0.01,-0.01,-0.01,-0.02,-0.02,-0.02,-0.02,-0.02,-0.02,-0.02,-0.02,-0.03,-0.03,-0.03,-0.03,-0.04,-0.04,-0.04,-0.04,-0.05,-0.05,-0.05,-0.05,-0.06,-0.06,-0.06,-0.06,-0.07,-0.07,-0.07,-0.07,-0.08,-0.08,-0.08,-0.08,-0.09,-0.09,-0.09,-0.09,-0.10,-0.10,-0.10,-0.10,-0.11,-0.11,-0.11,-0.11,-0.12,-0.12,-0.12,-0.12,-0.13,-0.13,-0.13,-0.13,-0.14,-0.14,-0.14,-0.14,-1.39,-0.15,-4.57,-0.15,-7.55,-2.15,-10.36,-5.11,-12.99,-7.91,-15.48,-10.54,-17.83,-13.02,-20.05,-15.37,-22.15,-17.60,-24.15,-19.71,-26.04,-21.72,-32.77,-28.84,-38.37,-34.77,-43.11,-39.78,-47.17,-44.09,-50.70,-47.81,-53.78,-51.07,-56.50,-53.95,-58.91,-56.51,-61.08,-58.80,-63.02,-60.86,-64.78,-62.72,-66.38,-64.42,-67.84,-65.97,-69.18,-67.38,-70.42,-68.69,-71.56,-69.89,-72.61,-71.01,-73.59,-72.04,-74.50,-73.01,-75.35,-73.91,-76.14,-74.75,-76.89,-75.54,-77.59,-76.28,-78.25,-76.98,-78.87,-77.63,-79.46,-78.26,-80.01,-78.84,-80.54,-79.40,-81.04,-79.93,-81.51,-80.43,-81.96,-80.91,-82.39,-81.36,-82.80,-81.80,-83.19,-82.21,-83.57,-82.60,-83.92,-82.98,-84.26,-83.34,-84.59,-83.69,-84.91,-84.02,-85.21,-84.34,-85.50,-84.65,-85.78,-84.95,-86.05,-85.23,-86.30,-85.50,-86.55,-85.77,-86.79,-86.02,-87.03,-86.27,-87.25,-86.50,-87.46,-86.73,-87.67,-86.95,-87.88,-87.17,-88.07,-87.37,-88.26,-87.57,-88.44,-87.77,-88.62,-87.96,-88.79,-88.14,-88.96,-88.32,-89.12,-88.49,-89.28,-88.66,-89.43,-88.82,-89.58,-88.97,-89.73,-89.13,-89.87,-89.28,-90.01,-89.42,-90.14,-89.56,-90.27,-89.70,-90.40,-89.83,-90.52,-89.96,-90.64,-90.09,-90.76,-90.21,-90.87,-90.34,-90.98,-90.45,-91.09,-90.57,-91.20,-90.68,-91.30,-90.79,-91.40,-90.90,-91.50,-91.00,-91.60,-91.10,-91.69,-91.20,-91.78,-91.30,-91.87,-91.40,-91.96,-91.49,-92.05,-91.58,-92.13,-91.67,-92.22,-91.76,-92.30,-91.85,-92.38,-91.93,-92.45,-92.01,-92.53,-92.09,-92.60,-92.17
Uniswap V3,rETH,WETH,0x553e9c493678d8606d6a5ba284643db2110df823,0.9121595083802687,1.0960540864300126,4570997,-0.01,-0.01,-0.02,-0.02,-0.03,-0.03,-0.05,-0.05,-0.06,-0.06,-0.07,-0.07,-0.08,-0.08,-0.09,-0.09,-0.10,-0.10,-0.12,-0.10,-0.14,-0.11,-0.17,-0.12,-0.20,-0.13,-0.23,-0.13,-0.26,-0.13,-0.29,-0.14,-0.31,-0.14,-0.34,-0.14,-0.37,-0.15,-0.40,-0.15,-0.43,-0.15,-0.46,-0.16,-0.49,-0.16,-0.52,-0.16,-0.55,-0.16,-0.58,-0.17,-2.87,-0.17,-7.28,-0.17,-11.31,-0.17,-15.01,-0.17,-18.41,-0.18,-21.55,-0.18,-24.45,-0.18,-27.15,-0.18,-29.66,-0.19,-32.01,-0.19,-34.20,-0.19,-36.26,-0.19,-38.19,-0.19,-40.01,-0.20,-41.72,-0.20,-43.34,-0.20,-44.87,-0.20,-46.32,-0.20,-47.70,-0.21,-49.01,-0.21,-53.64,-0.22,-57.50,-0.22,-60.77,-0.23,-63.58,-0.24,-66.00,-0.25,-68.13,-0.25,-70.00,-0.26,-71.67,-0.27,-73.16,-0.28,-74.50,-0.29,-75.72,-0.29,-76.82,-0.30,-77.83,-0.31,-78.75,-0.32,-79.60,-0.32,-80.39,-0.33,-81.11,-0.34,-81.79,-0.35,-82.42,-0.35,-83.00,-0.36,-83.55,-0.37,-84.06,-0.38,-84.55,-0.39,-85.00,-0.39,-85.43,-0.40,-85.83,-0.41,-86.22,-0.42,-86.58,-0.42,-86.92,-0.43,-87.25,-0.44,-87.56,-0.96,-87.86,-3.32,-88.14,-5.57,-88.41,-7.71,-88.67,-9.76,-88.91,-11.73,-89.15,-13.60,-89.38,-15.40,-89.59,-17.13,-89.80,-18.79,-90.00,-20.38,-90.19,-21.91,-90.38,-23.38,-90.56,-24.80,-90.73,-26.17,-90.89,-27.49,-91.05,-28.76,-91.21,-29.99,-91.36,-31.18,-91.50,-32.32,-91.64,-33.43,-91.78,-34.51,-91.91,-35.55,-92.03,-36.55,-92.15,-37.53,-92.27,-38.48,-92.39,-39.39,-92.50,-40.28,-92.61,-41.15,-92.72,-41.99,-92.82,-42.81,-92.92,-43.60,-93.01,-44.38,-93.11,-45.13,-93.20,-45.86,-93.29,-46.57,-93.38,-47.26,-93.46,-47.94,-93.55,-48.60,-93.63,-49.24,-93.70,-49.87,-93.78,-50.48,-93.86,-51.08,-93.93,-51.66,-94.00,-52.23,-94.07,-52.78,-94.14,-53.33,-94.21,-53.86,-94.27,-54.38,-94.33,-54.88,-94.40,-55.38,-94.46,-55.86,-94.52,-56.34,-94.58,-56.80,-94.63,-57.26,-94.69,-57.70,-94.74,-58.14,-94.80,-58.57,-94.85,-58.98,-94.90,-59.39
Uniswap V3,pxETH,WETH,0x02edd21f1db8eb146be60998e9801691e725f119,1.002780060682586,0.9967782807591575,79597,-0.11,-0.11,-0.24,-0.24,-5.79,-0.36,-29.34,-0.49,-43.47,-0.61,-52.89,-14.51,-59.62,-26.72,-64.67,-35.88,-68.60,-43.00,-71.74,-48.70,-77.39,-58.96,-81.16,-65.80,-83.85,-70.69,-85.87,-74.35,-87.44,-77.20,-88.69,-79.48,-89.72,-81.35,-90.58,-82.90,-91.30,-84.22,-91.92,-85.34,-92.46,-86.32,-92.93,-87.18,-93.35,-87.93,-93.72,-88.60,-94.05,-89.20,-94.35,-89.74,-94.62,-90.23,-94.86,-90.67,-95.08,-91.08,-95.29,-91.45,-95.48,-91.79,-95.65,-92.11,-95.81,-92.40,-95.96,-92.67,-96.10,-92.92,-96.23,-93.16,-96.35,-93.38,-96.47,-93.59,-96.57,-93.78,-96.67,-93.97,-96.77,-94.14,-96.86,-94.30,-96.94,-94.45,-97.02,-94.60,-97.10,-94.74,-97.17,-94.87,-97.43,-95.34,-97.64,-95.73,-97.83,-96.05,-97.98,-96.34,-98.12,-96.58,-98.23,-96.79,-98.34,-96.98,-98.43,-97.15,-98.51,-97.30,-98.59,-97.44,-98.65,-97.56,-98.72,-97.67,-98.77,-97.77,-98.82,-97.86,-98.87,-97.95,-98.91,-98.03,-98.95,-98.10,-98.99,-98.17,-99.03,-98.23,-99.06,-98.29,-99.09,-98.35,-99.12,-98.40,-99.14,-98.45,-99.17,-98.49,-99.19,-98.53,-99.21,-98.58,-99.24,-98.61,-99.26,-98.65,-99.28,-98.68,-99.29,-98.72,-99.31,-98.75,-99.33,-98.78,-99.34,-98.81,-99.36,-98.83,-99.37,-98.86,-99.39,-98.88,-99.40,-98.91,-99.41,-98.93,-99.42,-98.95,-99.43,-98.97,-99.45,-98.99,-99.46,-99.01,-99.47,-99.03,-99.48,-99.05,-99.49,-99.07,-99.50,-99.08,-99.50,-99.10,-99.51,-99.12,-99.52,-99.13,-99.53,-99.15,-99.54,-99.16,-99.54,-99.17,-99.55,-99.19,-99.56,-99.20,-99.57,-99.21,-99.57,-99.22,-99.58,-99.23,-99.58,-99.25,-99.59,-99.26,-99.60,-99.27,-99.60,-99.28,-99.61,-99.29,-99.61,-99.30,-99.62,-99.31,-99.62,-99.32,-99.63,-99.33,-99.63,-99.33,-99.64,-99.34,-99.64,-99.35,-99.65,-99.36,-99.65,-99.37,-99.66,-99.37,-99.66,-99.38,-99.66,-99.39,-99.67,-99.40,-99.67,-99.40,-99.68,-99.41,-99.68,-99.42,-99.68,-99.42,-99.69,-99.43,-99.69,-99.44,-99.69,-99.44,-99.70,-99.45,-99.70,-99.45,-99.70,-99.46,-99.71,-99.47,-99.71,-99.47,-99.71,-99.48,-99.71,-99.48,-99.72,-99.49
Uniswap V3,USDC,osETH,0xc2a6798447bb70e5abcf1b0d6aeec90bc14fca55,2542.7679772706997,0.0003922524650336557,295933,-0.66,-0.71,-1.42,-1.49,-2.19,-2.26,-2.95,-3.01,-3.70,-3.76,-4.44,-4.49,-5.17,-5.21,-5.89,-5.92,-6.59,-6.62,-7.29,-7.32,-10.48,-9.06,-16.55,-10.76,-24.83,-12.41,-34.22,-17.91,-41.53,-27.03,-47.38,-34.33,-52.16,-40.30,-56.15,-45.27,-59.52,-49.48,-62.41,-53.09,-64.92,-56.22,-67.11,-58.95,-69.05,-61.37,-70.77,-63.52,-72.30,-65.44,-73.69,-67.16,-74.94,-68.73,-76.08,-70.15,-77.12,-71.45,-78.07,-72.64,-78.95,-73.73,-79.76,-74.74,-80.51,-75.68,-81.21,-76.55,-81.85,-77.35,-82.46,-78.11,-83.03,-78.82,-83.56,-79.48,-84.05,-80.10,-84.52,-80.68,-84.97,-81.24,-85.38,-81.76,-85.78,-82.25,-86.15,-82.72,-86.51,-83.16,-86.84,-83.58,-88.04,-85.07,-89.04,-86.32,-89.88,-87.37,-90.60,-88.27,-91.23,-89.05,-91.78,-89.74,-92.26,-90.34,-92.69,-90.88,-93.08,-91.36,-93.42,-91.79,-93.74,-92.18,-94.02,-92.54,-94.28,-92.86,-94.52,-93.16,-94.74,-93.43,-94.94,-93.69,-95.13,-93.92,-95.30,-94.14,-95.46,-94.34,-95.61,-94.53,-95.76,-94.70,-95.89,-94.87,-96.01,-95.02,-96.13,-95.17,-96.24,-95.31,-96.35,-95.44,-96.44,-95.56,-96.54,-95.68,-96.63,-95.79,-96.71,-95.90,-96.79,-96.00,-96.87,-96.09,-96.94,-96.18,-97.01,-96.27,-97.08,-96.35,-97.14,-96.43,-97.20,-96.51,-97.26,-96.58,-97.32,-96.65,-97.37,-96.72,-97.42,-96.78,-97.47,-96.84,-97.52,-96.90,-97.56,-96.96,-97.61,-97.01,-97.65,-97.07,-97.69,-97.12,-97.73,-97.17,-97.77,-97.22,-97.81,-97.26,-97.84,-97.31,-97.88,-97.35,-97.91,-97.39,-97.94,-97.43,-97.98,-97.47,-98.01,-97.51,-98.04,-97.55,-98.07,-97.59,-98.09,-97.62,-98.12,-97.65,-98.15,-97.69,-98.17,-97.72,-98.20,-97.75,-98.22,-97.78,-98.25,-97.81,-98.27,-97.84,-98.29,-97.87,-98.31,-97.90,-98.33,-97.92,-98.36,-97.95,-98.38,-97.97,-98.40,-98.00,-98.42,-98.02,-98.43,-98.05,-98.45,-98.07,-98.47,-98.09,-98.49,-98.11,-98.51,-98.13,-98.52,-98.16,-98.54,-98.18,-98.55,-98.20,-98.57,-98.22,-98.59,-98.23,-98.60,-98.25,-98.62,-98.27,-98.63,-98.29,-98.64,-98.31,-98.66,-98.32,-98.67,-98.34,-98.68,-98.36
Curve,weETH,ETH,0x13947303F63b363876868D070F14dc865C36463b,0.9718976404099826,1.0287044409014643,4511082,-0.00,-0.00,-0.00,-0.00,-0.01,-0.01,-0.01,-0.01,-0.01,-0.01,-0.01,-0.01,-0.02,-0.02,-0.02,-0.02,-0.02,-0.02,-0.02,-0.02,-0.03,-0.03,-0.03,-0.03,-0.04,-0.04,-0.05,-0.04,-0.05,-0.05,-0.06,-0.06,-0.06,-0.06,-0.07,-0.07,-0.07,-0.07,-0.08,-0.08,-0.09,-0.08,-0.09,-0.09,-0.10,-0.10,-0.11,-0.10,-0.11,-0.11,-0.12,-0.11,-0.13,-0.12,-0.13,-0.13,-0.14,-0.13,-0.15,-0.14,-0.16,-0.14,-0.16,-0.15,-0.17,-0.16,-0.18,-0.16,-0.19,-0.17,-0.19,-0.18,-0.20,-0.19,-0.21,-0.19,-0.22,-0.20,-0.23,-0.21,-0.24,-0.22,-0.25,-0.22,-0.26,-0.23,-0.27,-0.24,-0.28,-0.25,-0.29,-0.26,-0.34,-0.30,-0.40,-0.34,-0.47,-0.39,-0.55,-0.45,-0.66,-0.53,-0.79,-0.62,-0.98,-0.74,-1.24,-0.89,-1.64,-1.11,-2.29,-1.43,-3.40,-1.93,-5.24,-2.79,-7.84,-4.25,-10.85,-6.47,-13.96,-9.23,-16.99,-12.18,-19.88,-15.11,-22.62,-17.95,-25.20,-20.64,-27.63,-23.19,-29.91,-25.60,-32.06,-27.87,-34.09,-30.02,-36.00,-32.04,-37.81,-33.96,-39.52,-35.77,-41.14,-37.49,-42.68,-39.12,-44.14,-40.67,-45.53,-42.14,-46.85,-43.54,-48.11,-44.88,-49.31,-46.15,-50.45,-47.37,-51.55,-48.54,-52.60,-49.65,-53.60,-50.72,-54.57,-51.74,-55.49,-52.72,-56.38,-53.66,-57.23,-54.57,-58.05,-55.44,-58.84,-56.28,-59.60,-57.09,-60.33,-57.86,-61.04,-58.62,-61.72,-59.34,-62.38,-60.04,-63.02,-60.72,-63.63,-61.37,-64.23,-62.00,-64.80,-62.61,-65.36,-63.21,-65.90,-63.78,-66.43,-64.34,-66.93,-64.88,-67.43,-65.40,-67.90,-65.91,-68.37,-66.40,-68.82,-66.88,-69.26,-67.35,-69.69,-67.80,-70.10,-68.24,-70.50,-68.67,-70.90,-69.09,-71.28,-69.49,-71.65,-69.89,-72.01,-70.27,-72.37,-70.65,-72.71,-71.02,-73.05,-71.37,-73.38,-71.72,-73.70,-72.06,-74.01,-72.39,-74.32,-72.72,-74.62,-73.04,-74.91,-73.35,-75.19,-73.65,-75.47,-73.94,-75.74,-74.23,-76.01,-74.52,-76.27,-74.79,-76.53,-75.06,-76.77,-75.33,-77.02,-75.59,-77.26,-75.84,-77.49,-76.09,-77.72,-76.34,-77.95,-76.57,-78.17,-76.81
Balancer V2,weETH,ETH,0xb9debddf1d894c79d2b2d09f819ff9b856fca552,0.9721997118739256,1.0277256520400044,209009,-0.02,-0.02,-0.05,-0.04,-0.10,-0.05,-0.16,-0.07,-0.27,-0.09,-0.48,-0.11,-1.09,-0.13,-4.66,-0.16,-13.51,-0.19,-21.84,-0.25,-37.30,-1.08,-47.71,-13.49,-55.16,-25.71,-60.76,-34.96,-65.11,-42.18,-68.60,-47.95,-71.45,-52.68,-73.83,-56.62,-75.84,-59.96,-77.57,-62.81,-79.06,-65.29,-80.37,-67.46,-81.52,-69.37,-82.55,-71.08,-83.47,-72.60,-84.29,-73.97,-85.04,-75.21,-85.72,-76.33,-86.34,-77.36,-86.91,-78.31,-87.44,-79.17,-87.92,-79.97,-88.37,-80.72,-88.78,-81.40,-89.17,-82.05,-89.53,-82.64,-89.87,-83.20,-90.18,-83.73,-90.48,-84.22,-90.76,-84.69,-91.02,-85.12,-91.27,-85.54,-91.51,-85.93,-91.73,-86.30,-91.95,-86.65,-92.15,-86.98,-92.86,-88.17,-93.46,-89.15,-93.96,-89.99,-94.39,-90.70,-94.76,-91.32,-95.09,-91.86,-95.38,-92.34,-95.64,-92.77,-95.87,-93.15,-96.07,-93.49,-96.26,-93.80,-96.43,-94.08,-96.59,-94.34,-96.73,-94.58,-96.86,-94.79,-96.98,-94.99,-97.09,-95.18,-97.20,-95.35,-97.29,-95.51,-97.38,-95.66,-97.47,-95.80,-97.55,-95.93,-97.62,-96.06,-97.69,-96.17,-97.76,-96.28,-97.82,-96.38,-97.88,-96.48,-97.93,-96.57,-97.99,-96.66,-98.04,-96.75,-98.08,-96.83,-98.13,-96.90,-98.17,-96.97,-98.22,-97.04,-98.25,-97.11,-98.29,-97.17,-98.33,-97.23,-98.36,-97.29,-98.40,-97.34,-98.43,-97.40,-98.46,-97.45,-98.49,-97.50,-98.52,-97.54,-98.55,-97.59,-98.57,-97.63,-98.60,-97.68,-98.62,-97.72,-98.65,-97.76,-98.67,-97.79,-98.69,-97.83,-98.71,-97.87,-98.73,-97.90,-98.75,-97.93,-98.77,-97.97,-98.79,-98.00,-98.81,-98.03,-98.83,-98.06,-98.85,-98.09,-98.86,-98.11,-98.88,-98.14,-98.89,-98.17,-98.91,-98.19,-98.92,-98.22,-98.94,-98.24,-98.95,-98.26,-98.97,-98.29,-98.98,-98.31,-98.99,-98.33,-99.01,-98.35,-99.02,-98.37,-99.03,-98.39,-99.04,-98.41,-99.05,-98.43,-99.07,-98.45,-99.08,-98.47,-99.09,-98.49,-99.10,-98.50,-99.11,-98.52,-99.12,-98.54,-99.13,-98.55,-99.14,-98.57,-99.15,-98.59,-99.16,-98.60,-99.16,-98.62,-99.17,-98.63,-99.18,-98.64,-99.19,-98.66,-99.20,-98.67,-99.21,-98.69,-99.21,-98.70
Balancer V2,rETH,ETH,0x1e19cf2d73a72ef1332c882f20534b6519be0276,0.9116572397419606,1.0960251284687195,85651846,-0.00,-0.00,-0.00,-0.00,-0.00,-0.00,-0.00,-0.00,-0.00,-0.00,-0.00,-0.00,-0.00,-0.00,-0.00,-0.00,-0.00,-0.00,-0.00,-0.00,-0.01,-0.01,-0.01,-0.01,-0.01,-0.01,-0.01,-0.01,-0.01,-0.01,-0.01,-0.01,-0.01,-0.01,-0.01,-0.01,-0.01,-0.01,-0.02,-0.02,-0.02,-0.02,-0.02,-0.02,-0.02,-0.02,-0.02,-0.02,-0.02,-0.02,-0.02,-0.02,-0.02,-0.02,-0.03,-0.03,-0.03,-0.03,-0.03,-0.03,-0.03,-0.03,-0.03,-0.03,-0.03,-0.03,-0.03,-0.03,-0.03,-0.03,-0.03,-0.03,-0.04,-0.04,-0.04,-0.04,-0.04,-0.04,-0.04,-0.04,-0.04,-0.04,-0.04,-0.04,-0.04,-0.04,-0.04,-0.04,-0.04,-0.04,-0.05,-0.05,-0.05,-0.05,-0.05,-0.06,-0.06,-0.06,-0.06,-0.06,-0.07,-0.07,-0.07,-0.07,-0.08,-0.08,-0.08,-0.08,-0.09,-0.09,-0.09,-0.09,-0.10,-0.10,-0.10,-0.10,-0.11,-0.11,-0.11,-0.11,-0.11,-0.12,-0.12,-0.12,-0.12,-0.12,-0.13,-0.13,-0.13,-0.13,-0.14,-0.14,-0.14,-0.14,-0.15,-0.15,-0.15,-0.15,-0.16,-0.16,-0.16,-0.16,-0.16,-0.17,-0.17,-0.17,-0.17,-0.18,-0.18,-0.18,-0.18,-0.19,-0.19,-0.19,-0.19,-0.20,-0.20,-0.20,-0.20,-0.20,-0.21,-0.21,-0.21,-0.21,-0.22,-0.22,-0.22,-0.22,-0.23,-0.23,-0.23,-0.23,-0.23,-0.24,-0.24,-0.24,-0.24,-0.25,-0.25,-0.25,-0.25,-0.26,-0.26,-0.26,-0.26,-0.27,-0.27,-0.27,-0.27,-0.28,-0.28,-0.28,-0.28,-0.29,-0.29,-0.29,-0.29,-0.30,-0.30,-0.30,-0.30,-0.31,-0.31,-0.31,-0.31,-0.32,-0.31,-0.32,-0.32,-0.33,-0.32,-0.33,-0.33,-0.34,-0.33,-0.34,-0.34,-0.35,-0.34,-0.35,-0.35,-0.36,-0.35,-0.36,-0.36,-0.37,-0.36,-0.37,-0.37,-0.38,-0.37,-0.38,-0.38,-0.39,-0.38,-0.39,-0.39,-0.40,-0.39,-0.40,-0.40,-0.41,-0.40,-0.41,-0.41,-0.42,-0.41,-0.43,-0.42,-0.43,-0.42,-0.44,-0.43,-0.44,-0.43,-0.45,-0.44,-0.45,-0.44,-0.46,-0.45,-0.46,-0.45,-0.47,-0.46,-0.47,-0.46,-0.48,-0.47,-0.48,-0.47,-0.49
Balancer V2,osETH,ETH,0xdacf5fa19b1f720111609043ac67a9818262850c,0.9940015251138116,1.0058330262802007,45725393,-0.00,-0.00,-0.00,-0.00,-0.00,-0.00,-0.00,-0.00,-0.00,-0.00,-0.00,-0.00,-0.00,-0.00,-0.00,-0.00,-0.00,-0.00,-0.00,-0.00,-0.00,-0.00,-0.00,-0.00,-0.00,-0.00,-0.00,-0.00,-0.01,-0.01,-0.01,-0.01,-0.01,-0.01,-0.01,-0.01,-0.01,-0.01,-0.01,-0.01,-0.01,-0.01,-0.01,-0.01,-0.01,-0.01,-0.01,-0.01,-0.01,-0.01,-0.01,-0.01,-0.01,-0.01,-0.01,-0.01,-0.01,-0.01,-0.01,-0.01,-0.01,-0.01,-0.01,-0.01,-0.01,-0.02,-0.02,-0.02,-0.02,-0.02,-0.02,-0.02,-0.02,-0.02,-0.02,-0.02,-0.02,-0.02,-0.02,-0.02,-0.02,-0.02,-0.02,-0.02,-0.02,-0.02,-0.02,-0.02,-0.02,-0.02,-0.02,-0.02,-0.02,-0.02,-0.03,-0.03,-0.03,-0.03,-0.03,-0.03,-0.03,-0.03,-0.04,-0.04,-0.04,-0.04,-0.04,-0.04,-0.04,-0.04,-0.04,-0.05,-0.05,-0.05,-0.05,-0.05,-0.05,-0.05,-0.05,-0.06,-0.05,-0.06,-0.06,-0.06,-0.06,-0.06,-0.06,-0.07,-0.06,-0.07,-0.07,-0.07,-0.07,-0.07,-0.07,-0.08,-0.07,-0.08,-0.07,-0.08,-0.08,-0.08,-0.08,-0.09,-0.08,-0.09,-0.08,-0.09,-0.09,-0.09,-0.09,-0.10,-0.09,-0.10,-0.09,-0.10,-0.09,-0.11,-0.10,-0.11,-0.10,-0.11,-0.10,-0.11,-0.10,-0.12,-0.11,-0.12,-0.11,-0.12,-0.11,-0.12,-0.11,-0.13,-0.12,-0.13,-0.12,-0.13,-0.12,-0.14,-0.12,-0.14,-0.12,-0.14,-0.13,-0.15,-0.13,-0.15,-0.13,-0.15,-0.13,-0.16,-0.14,-0.16,-0.14,-0.16,-0.14,-0.16,-0.14,-0.17,-0.15,-0.17,-0.15,-0.17,-0.15,-0.18,-0.15,-0.18,-0.16,-0.18,-0.16,-0.19,-0.16,-0.19,-0.16,-0.20,-0.17,-0.20,-0.17,-0.20,-0.17,-0.21,-0.17,-0.21,-0.18,-0.21,-0.18,-0.22,-0.18,-0.22,-0.18,-0.23,-0.19,-0.23,-0.19,-0.23,-0.19,-0.24,-0.19,-0.24,-0.20,-0.25,-0.20,-0.25,-0.20,-0.25,-0.21,-0.26,-0.21,-0.26,-0.21,-0.27,-0.21,-0.27,-0.22,-0.28,-0.22,-0.28,-0.22,-0.29,-0.23,-0.29,-0.23,-0.30,-0.23,-0.30,-0.24,-0.30,-0.24,-0.31,-0.24,-0.32
Balancer V2,SWETH,ETH,0xe7e2c68d3b13d905bbb636709cf4dfd21076b9d2,0.9594375588262831,1.0419785019339485,1166023,-0.04,-0.04,-0.10,-0.07,-0.16,-0.10,-0.24,-0.13,-0.33,-0.15,-0.45,-0.18,-0.60,-0.20,-0.80,-0.22,-1.07,-0.23,-1.47,-0.25,-3.86,-0.28,-11.89,-0.31,-22.71,-0.33,-31.86,-0.35,-39.22,-0.37,-45.19,-0.38,-50.11,-0.40,-54.23,-0.41,-57.72,-0.42,-60.72,-0.43,-63.33,-0.44,-65.61,-0.45,-67.62,-0.45,-69.41,-0.46,-71.02,-0.47,-72.46,-0.47,-73.77,-0.48,-74.96,-0.49,-76.05,-0.49,-77.04,-0.50,-77.96,-0.50,-78.81,-0.51,-79.59,-0.51,-80.32,-0.52,-80.99,-0.52,-81.63,-0.53,-82.22,-0.53,-82.77,-0.54,-83.30,-0.55,-83.79,-0.56,-84.25,-0.57,-84.69,-0.58,-85.10,-0.60,-85.49,-0.63,-85.86,-0.69,-86.22,-0.80,-87.47,-6.60,-88.51,-14.30,-89.39,-20.87,-90.15,-26.52,-90.81,-31.41,-91.38,-35.70,-91.89,-39.48,-92.34,-42.84,-92.74,-45.85,-93.11,-48.55,-93.43,-51.00,-93.73,-53.23,-94.00,-55.26,-94.25,-57.13,-94.48,-58.84,-94.70,-60.42,-94.89,-61.89,-95.07,-63.25,-95.24,-64.52,-95.40,-65.70,-95.55,-66.81,-95.69,-67.84,-95.82,-68.82,-95.94,-69.74,-96.06,-70.60,-96.17,-71.42,-96.27,-72.19,-96.37,-72.92,-96.46,-73.62,-96.55,-74.28,-96.64,-74.90,-96.72,-75.50,-96.79,-76.07,-96.87,-76.61,-96.94,-77.13,-97.00,-77.63,-97.07,-78.11,-97.13,-78.56,-97.19,-79.00,-97.24,-79.42,-97.30,-79.82,-97.35,-80.21,-97.40,-80.59,-97.45,-80.94,-97.49,-81.29,-97.54,-81.63,-97.58,-81.95,-97.62,-82.26,-97.66,-82.56,-97.70,-82.85,-97.74,-83.13,-97.78,-83.40,-97.81,-83.67,-97.85,-83.92,-97.88,-84.17,-97.91,-84.41,-97.94,-84.64,-97.97,-84.87,-98.00,-85.09,-98.03,-85.30,-98.06,-85.51,-98.08,-85.71,-98.11,-85.90,-98.14,-86.09,-98.16,-86.28,-98.19,-86.46,-98.21,-86.64,-98.23,-86.81,-98.25,-86.97,-98.28,-87.14,-98.30,-87.30,-98.32,-87.45,-98.34,-87.60,-98.36,-87.75,-98.38,-87.89,-98.40,-88.04,-98.41,-88.17,-98.43,-88.31,-98.45,-88.44,-98.47,-88.57,-98.48,-88.69,-98.50,-88.82,-98.52,-88.94,-98.53,-89.05,-98.55,-89.17,-98.56,-89.28,-98.58,-89.39,-98.59,-89.50,-98.61,-89.61,-98.62,-89.71
Balancer V2,ETHx,ETH,0x37b18b10ce5635a84834b26095a0ae5639dcb752,0.9816771828615128,1.017001829753455,11834,-68.11,-13.68,-84.05,-56.80,-89.37,-71.20,-92.02,-78.40,-93.62,-82.72,-94.68,-85.60,-95.44,-87.66,-96.01,-89.20,-96.46,-90.40,-96.81,-91.36,-97.45,-93.09,-97.87,-94.24,-98.18,-95.06,-98.40,-95.68,-98.58,-96.16,-98.72,-96.54,-98.84,-96.86,-98.94,-97.12,-99.02,-97.34,-99.09,-97.53,-99.15,-97.70,-99.20,-97.84,-99.25,-97.97,-99.29,-98.08,-99.33,-98.18,-99.36,-98.27,-99.39,-98.35,-99.42,-98.43,-99.45,-98.50,-99.47,-98.56,-99.49,-98.62,-99.51,-98.67,-99.53,-98.72,-99.54,-98.77,-99.56,-98.81,-99.57,-98.85,-99.59,-98.89,-99.60,-98.92,-99.61,-98.95,-99.62,-98.98,-99.64,-99.01,-99.65,-99.04,-99.66,-99.07,-99.66,-99.09,-99.67,-99.11,-99.68,-99.14,-99.71,-99.21,-99.73,-99.28,-99.75,-99.34,-99.77,-99.38,-99.79,-99.42,-99.80,-99.46,-99.81,-99.49,-99.82,-99.52,-99.83,-99.55,-99.84,-99.57,-99.85,-99.59,-99.85,-99.61,-99.86,-99.62,-99.87,-99.64,-99.87,-99.65,-99.88,-99.67,-99.88,-99.68,-99.89,-99.69,-99.89,-99.70,-99.89,-99.71,-99.90,-99.72,-99.90,-99.73,-99.90,-99.74,-99.91,-99.75,-99.91,-99.75,-99.91,-99.76,-99.91,-99.77,-99.92,-99.77,-99.92,-99.78,-99.92,-99.78,-99.92,-99.79,-99.92,-99.79,-99.93,-99.80,-99.93,-99.80,-99.93,-99.81,-99.93,-99.81,-99.93,-99.82,-99.93,-99.82,-99.93,-99.82,-99.94,-99.83,-99.94,-99.83,-99.94,-99.83,-99.94,-99.84,-99.94,-99.84,-99.94,-99.84,-99.94,-99.85,-99.94,-99.85,-99.94,-99.85,-99.95,-99.85,-99.95,-99.86,-99.95,-99.86,-99.95,-99.86,-99.95,-99.86,-99.95,-99.86,-99.95,-99.87,-99.95,-99.87,-99.95,-99.87,-99.95,-99.87,-99.95,-99.87,-99.95,-99.88,-99.96,-99.88,-99.96,-99.88,-99.96,-99.88,-99.96,-99.88,-99.96,-99.88,-99.96,-99.89,-99.96,-99.89,-99.96,-99.89,-99.96,-99.89,-99.96,-99.89,-99.96,-99.89,-99.96,-99.89,-99.96,-99.90,-99.96,-99.90,-99.96,-99.90,-99.96,-99.90,-99.96,-99.90,-99.96,-99.90,-99.96,-99.90,-99.96,-99.90,-99.96,-99.91,-99.97,-99.91,-99.97,-99.91,-99.97,-99.91,-99.97,-99.91,-99.97,-99.91,-99.97,-99.91,-99.97,-99.91,-99.97,-99.91,-99.97,-99.91
Balancer V2,wstETH,ETH,0x93d199263632a4ef4bb438f1feb99e57b4b5f0bd,0.8666257135359826,1.1536698027458636,18077665,-0.00,-0.00,-0.00,-0.00,-0.00,-0.00,-0.00,-0.00,-0.00,-0.00,-0.00,-0.00,-0.00,-0.00,-0.00,-0.00,-0.00,-0.00,-0.00,-0.00,-0.00,-0.00,-0.00,-0.00,-0.00,-0.00,-0.00,-0.00,-0.00,-0.00,-0.00,-0.00,-0.00,-0.00,-0.00,-0.00,-0.00,-0.00,-0.00,-0.00,-0.00,-0.00,-0.00,-0.00,-0.00,-0.00,-0.00,-0.00,-0.00,-0.00,-0.00,-0.00,-0.00,-0.00,-0.00,-0.00,-0.00,-0.00,-0.00,-0.00,-0.00,-0.00,-0.00,-0.00,-0.00,-0.00,-0.00,-0.00,-0.00,-0.00,-0.00,-0.00,-0.00,-0.00,-0.00,-0.00,-0.00,-0.00,-0.00,-0.00,-0.00,-0.00,-0.00,-0.00,-0.01,-0.00,-0.01,-0.00,-0.01,-0.00,-0.01,-0.00,-0.01,-0.00,-0.01,-0.00,-0.01,-0.01,-0.01,-0.01,-0.01,-0.01,-0.01,-0.01,-0.01,-0.01,-0.01,-0.01,-0.01,-0.01,-0.01,-0.01,-0.01,-0.01,-0.02,-0.01,-0.02,-0.01,-0.02,-0.01,-0.02,-0.01,-0.02,-0.01,-0.02,-0.01,-0.02,-0.01,-0.03,-0.01,-0.03,-0.01,-0.03,-0.01,-0.03,-0.01,-0.03,-0.01,-0.04,-0.01,-0.04,-0.01,-0.04,-0.01,-0.05,-0.01,-0.05,-0.01,-0.05,-0.01,-0.06,-0.01,-0.06,-0.01,-0.07,-0.01,-0.07,-0.01,-0.08,-0.01,-0.09,-0.01,-0.10,-0.01,-0.11,-0.01,-0.12,-0.01,-0.14,-0.01,-0.16,-0.02,-0.19,-0.02,-0.22,-0.02,-0.27,-0.02,-0.35,-0.02,-0.46,-0.02,-0.68,-0.02,-1.09,-0.02,-1.88,-0.02,-3.06,-0.02,-4.44,-0.02,-5.88,-0.02,-7.32,-0.02,-8.75,-0.02,-10.14,-0.02,-11.49,-0.02,-12.82,-0.02,-14.10,-0.02,-15.35,-0.02,-16.57,-0.02,-17.75,-0.02,-18.91,-0.02,-20.03,-0.02,-21.12,-0.02,-22.18,-0.02,-23.21,-0.02,-24.22,-0.02,-25.20,-0.02,-26.16,-0.02,-27.09,-0.02,-28.00,-0.02,-28.89,-0.02,-29.75,-0.03,-30.60,-0.03,-31.42,-0.03,-32.23,-0.03,-33.01,-0.03,-33.78,-0.03,-34.53,-0.03,-35.27,-0.03,-35.99,-0.03,-36.69,-0.03,-37.38,-0.03,-38.05,-0.03,-38.71,-0.03,-39.35,-0.03,-39.98,-0.03,-40.60,-0.04,-41.21,-0.04,-41.80,-0.04,-42.38,-0.04
Balancer V2,pxETH,ETH,0x88794c65550deb6b4087b7552ecf295113794410,0.025270732924582782,0.02529002698023013,46,-90.00,-90.00,-95.00,-95.00,-96.67,-96.67,-97.50,-97.50,-98.00,-98.00,-98.33,-98.33,-98.57,-98.57,-98.75,-98.75,-98.89,-98.89,-99.00,-99.00,-99.20,-99.20,-99.33,-99.33,-99.43,-99.43,-99.50,-99.50,-99.56,-99.56,-99.60,-99.60,-99.64,-99.64,-99.67,-99.67,-99.69,-99.69,-99.71,-99.71,-99.73,-99.73,-99.75,-99.75,-99.76,-99.76,-99.78,-99.78,-99.79,-99.79,-99.80,-99.80,-99.81,-99.81,-99.82,-99.82,-99.83,-99.83,-99.83,-99.83,-99.84,-99.84,-99.85,-99.85,-99.85,-99.85,-99.86,-99.86,-99.86,-99.86,-99.87,-99.87,-99.87,-99.87,-99.87,-99.87,-99.88,-99.88,-99.88,-99.88,-99.89,-99.89,-99.89,-99.89,-99.89,-99.89,-99.89,-99.89,-99.90,-99.90,-99.90,-99.90,-99.91,-99.91,-99.92,-99.92,-99.92,-99.92,-99.93,-99.93,-99.93,-99.93,-99.94,-99.94,-99.94,-99.94,-99.94,-99.94,-99.95,-99.95,-99.95,-99.95,-99.95,-99.95,-99.95,-99.95,-99.96,-99.96,-99.96,-99.96,-99.96,-99.96,-99.96,-99.96,-99.96,-99.96,-99.96,-99.96,-99.97,-99.97,-99.97,-99.97,-99.97,-99.97,-99.97,-99.97,-99.97,-99.97,-99.97,-99.97,-99.97,-99.97,-99.97,-99.97,-99.97,-99.97,-99.97,-99.97,-99.97,-99.97,-99.97,-99.97,-99.98,-99.98,-99.98,-99.98,-99.98,-99.98,-99.98,-99.98,-99.98,-99.98,-99.98,-99.98,-99.98,-99.98,-99.98,-99.98,-99.98,-99.98,-99.98,-99.98,-99.98,-99.98,-99.98,-99.98,-99.98,-99.98,-99.98,-99.98,-99.98,-99.98,-99.98,-99.98,-99.98,-99.98,-99.98,-99.98,-99.98,-99.98,-99.98,-99.98,-99.98,-99.98,-99.98,-99.98,-99.98,-99.98,-99.98,-99.98,-99.98,-99.98,-99.98,-99.98,-99.99,-99.99,-99.99,-99.99,-99.99,-99.99,-99.99,-99.99,-99.99,-99.99,-99.99,-99.99,-99.99,-99.99,-99.99,-99.99,-99.99,-99.99,-99.99,-99.99,-99.99,-99.99,-99.99,-99.99,-99.99,-99.99,-99.99,-99.99,-99.99,-99.99,-99.99,-99.99,-99.99,-99.99,-99.99,-99.99,-99.99,-99.99,-99.99,-99.99,-99.99,-99.99,-99.99,-99.99,-99.99,-99.99,-99.99,-99.99,-99.99,-99.99,-99.99,-99.99,-99.99,-99.99,-99.99,-99.99,-99.99,-99.99,-99.99,-99.99,-99.99,-99.99,-99.99,-99.99,-99.99,-99.99,-99.99,-99.99
Balancer V2,weETH,rETH,0x05ff47afada98a98982113758878f9a8b9fdda0a,1.0649880711765525,0.9382249062650898,4599219,-0.00,-0.00,-0.00,-0.00,-0.00,-0.00,-0.00,-0.00,-0.00,-0.00,-0.01,-0.01,-0.01,-0.01,-0.01,-0.01,-0.01,-0.01,-0.01,-0.01,-0.01,-0.01,-0.01,-0.01,-0.02,-0.02,-0.02,-0.02,-0.02,-0.02,-0.03,-0.02,-0.03,-0.02,-0.03,-0.03,-0.03,-0.03,-0.04,-0.03,-0.04,-0.03,-0.04,-0.03,-0.05,-0.03,-0.05,-0.04,-0.05,-0.04,-0.06,-0.04,-0.06,-0.04,-0.06,-0.04,-0.07,-0.05,-0.07,-0.05,-0.08,-0.05,-0.08,-0.05,-0.09,-0.05,-0.09,-0.06,-0.10,-0.06,-0.10,-0.06,-0.11,-0.06,-0.11,-0.06,-0.12,-0.06,-0.12,-0.07,-0.13,-0.07,-0.14,-0.07,-0.14,-0.07,-0.15,-0.07,-0.16,-0.08,-0.17,-0.08,-0.21,-0.09,-0.26,-0.10,-0.32,-0.10,-0.42,-0.12,-0.57,-0.13,-0.82,-0.14,-1.32,-0.15,-2.53,-0.17,-5.24,-0.19,-9.04,-0.22,-13.00,-0.25,-16.77,-0.29,-20.28,-0.35,-23.53,-0.44,-26.55,-0.59,-29.34,-0.88,-31.93,-1.54,-34.35,-3.14,-36.60,-5.68,-38.70,-8.52,-40.67,-11.32,-42.51,-14.00,-44.25,-16.56,-45.88,-18.97,-47.42,-21.26,-48.88,-23.43,-50.26,-25.49,-51.57,-27.44,-52.80,-29.29,-53.98,-31.05,-55.10,-32.72,-56.17,-34.32,-57.19,-35.84,-58.16,-37.30,-59.09,-38.69,-59.98,-40.02,-60.83,-41.29,-61.64,-42.51,-62.42,-43.68,-63.17,-44.81,-63.90,-45.89,-64.59,-46.93,-65.26,-47.93,-65.90,-48.89,-66.52,-49.82,-67.12,-50.72,-67.69,-51.58,-68.25,-52.41,-68.79,-53.22,-69.31,-54.00,-69.81,-54.75,-70.30,-55.48,-70.77,-56.19,-71.22,-56.87,-71.67,-57.54,-72.10,-58.18,-72.51,-58.80,-72.92,-59.41,-73.31,-60.00,-73.69,-60.57,-74.06,-61.12,-74.42,-61.66,-74.77,-62.19,-75.11,-62.70,-75.44,-63.19,-75.77,-63.68,-76.08,-64.15,-76.39,-64.61,-76.69,-65.06,-76.98,-65.49,-77.26,-65.92,-77.54,-66.34,-77.81,-66.74,-78.07,-67.14,-78.33,-67.52,-78.58,-67.90,-78.83,-68.27,-79.07,-68.63,-79.31,-68.98,-79.53,-69.33,-79.76,-69.66,-79.98,-69.99,-80.19,-70.32,-80.41,-70.63,-80.61,-70.94,-80.81,-71.24,-81.01,-71.54,-81.21,-71.83,-81.39,-72.12,-81.58,-72.39
Curve,ETHx,ETH,0x59ab5a5b5d617e478a2479b0cad80da7e2831492,0.9804113769518439,1.019163572704475,6963584,-0.00,-0.00,-0.00,-0.00,-0.00,-0.00,-0.00,-0.00,-0.00,-0.00,-0.00,-0.00,-0.00,-0.00,-0.00,-0.00,-0.00,-0.00,-0.00,-0.00,-0.00,-0.00,-0.00,-0.00,-0.01,-0.01,-0.01,-0.01,-0.01,-0.01,-0.01,-0.01,-0.01,-0.01,-0.01,-0.01,-0.01,-0.01,-0.01,-0.01,-0.01,-0.01,-0.01,-0.01,-0.01,-0.01,-0.01,-0.01,-0.02,-0.01,-0.02,-0.01,-0.02,-0.02,-0.02,-0.02,-0.02,-0.02,-0.02,-0.02,-0.02,-0.02,-0.02,-0.02,-0.02,-0.02,-0.02,-0.02,-0.02,-0.02,-0.03,-0.02,-0.03,-0.02,-0.03,-0.02,-0.03,-0.02,-0.03,-0.02,-0.03,-0.03,-0.03,-0.03,-0.03,-0.03,-0.03,-0.03,-0.03,-0.03,-0.04,-0.03,-0.04,-0.03,-0.05,-0.04,-0.05,-0.04,-0.06,-0.04,-0.06,-0.05,-0.07,-0.05,-0.08,-0.06,-0.09,-0.06,-0.10,-0.06,-0.11,-0.07,-0.13,-0.08,-0.15,-0.08,-0.17,-0.09,-0.20,-0.10,-0.23,-0.11,-0.28,-0.12,-0.34,-0.13,-0.43,-0.15,-0.58,-0.17,-0.84,-0.19,-1.38,-0.22,-2.56,-0.26,-4.55,-0.31,-6.94,-0.39,-9.40,-0.51,-11.80,-0.74,-14.11,-1.21,-16.33,-2.23,-18.44,-3.94,-20.45,-5.99,-22.37,-8.11,-24.21,-10.20,-25.96,-12.23,-27.63,-14.19,-29.23,-16.06,-30.76,-17.87,-32.23,-19.60,-33.64,-21.26,-34.99,-22.86,-36.28,-24.39,-37.53,-25.87,-38.73,-27.29,-39.88,-28.65,-40.99,-29.97,-42.06,-31.24,-43.10,-32.46,-44.09,-33.65,-45.05,-34.79,-45.98,-35.89,-46.88,-36.96,-47.75,-37.99,-48.59,-38.99,-49.41,-39.95,-50.20,-40.89,-50.96,-41.80,-51.71,-42.68,-52.43,-43.53,-53.13,-44.36,-53.81,-45.17,-54.46,-45.95,-55.11,-46.71,-55.73,-47.45,-56.33,-48.17,-56.92,-48.87,-57.50,-49.55,-58.06,-50.21,-58.60,-50.86,-59.13,-51.49,-59.65,-52.10,-60.15,-52.70,-60.64,-53.29,-61.12,-53.86,-61.59,-54.41,-62.05,-54.95,-62.50,-55.48,-62.93,-56.00,-63.36,-56.51,-63.77,-57.00,-64.18,-57.48,-64.58,-57.96,-64.97,-58.42,-65.35,-58.87,-65.72,-59.31,-66.09,-59.74,-66.44,-60.17,-66.79,-60.58,-67.13,-60.99,-67.47,-61.39,-67.80,-61.78,-68.12,-62.16
Curve,osETH,rETH,0xe080027bd47353b5d1639772b4a75e9ed3658a0d,1.0892551007252802,0.9176885786440605,13326356,-0.00,-0.00,-0.00,-0.00,-0.00,-0.00,-0.01,-0.01,-0.01,-0.01,-0.01,-0.01,-0.01,-0.01,-0.01,-0.01,-0.01,-0.01,-0.02,-0.02,-0.02,-0.02,-0.02,-0.02,-0.03,-0.03,-0.03,-0.03,-0.03,-0.03,-0.04,-0.04,-0.04,-0.04,-0.05,-0.05,-0.05,-0.05,-0.05,-0.05,-0.06,-0.06,-0.06,-0.06,-0.07,-0.07,-0.07,-0.07,-0.07,-0.07,-0.08,-0.08,-0.08,-0.08,-0.08,-0.09,-0.09,-0.09,-0.09,-0.09,-0.10,-0.10,-0.10,-0.10,-0.10,-0.11,-0.11,-0.11,-0.11,-0.11,-0.12,-0.12,-0.12,-0.12,-0.12,-0.13,-0.13,-0.13,-0.13,-0.13,-0.14,-0.14,-0.14,-0.14,-0.14,-0.15,-0.15,-0.15,-0.15,-0.15,-0.16,-0.16,-0.17,-0.18,-0.19,-0.19,-0.20,-0.21,-0.22,-0.23,-0.24,-0.25,-0.26,-0.27,-0.27,-0.29,-0.29,-0.31,-0.31,-0.33,-0.33,-0.35,-0.35,-0.37,-0.37,-0.39,-0.39,-0.41,-0.41,-0.44,-0.43,-0.46,-0.46,-0.49,-0.48,-0.52,-0.51,-0.54,-0.53,-0.57,-0.56,-0.60,-0.59,-0.64,-0.62,-0.67,-0.65,-0.71,-0.68,-0.74,-0.71,-0.78,-0.75,-0.83,-0.79,-0.87,-0.83,-0.92,-0.87,-0.97,-0.91,-1.03,-0.96,-1.09,-1.01,-1.15,-1.07,-1.22,-1.13,-1.30,-1.19,-1.38,-1.26,-1.47,-1.34,-1.57,-1.42,-1.68,-1.51,-1.80,-1.61,-1.93,-1.72,-2.08,-1.84,-2.25,-1.98,-2.43,-2.13,-2.65,-2.30,-2.89,-2.49,-3.16,-2.71,-3.48,-2.95,-3.84,-3.24,-4.25,-3.56,-4.72,-3.93,-5.25,-4.35,-5.85,-4.83,-6.51,-5.37,-7.24,-5.98,-8.03,-6.65,-8.87,-7.38,-9.76,-8.16,-10.68,-9.00,-11.63,-9.87,-12.59,-10.78,-13.57,-11.71,-14.55,-12.65,-15.54,-13.60,-16.51,-14.56,-17.49,-15.51,-18.45,-16.46,-19.40,-17.40,-20.33,-18.34,-21.26,-19.26,-22.16,-20.17,-23.06,-21.06,-23.93,-21.94,-24.80,-22.81,-25.64,-23.66,-26.47,-24.50,-27.28,-25.32,-28.08,-26.12,-28.86,-26.91,-29.63,-27.69,-30.38,-28.45,-31.12,-29.20,-31.85,-29.94,-32.56,-30.66,-33.25,-31.36,-33.93,-32.06,-34.60,-32.74,-35.26,-33.40,-35.91,-34.06,-36.54,-34.70,-37.16
Maverick,SWETH,WETH,0x0CE176E1b11A8f88a4Ba2535De80E81F88592bad,1.0409224007665705,0.9603010518944212,0,-0.00,-0.00,-0.00,-0.00,-0.00,-0.00,-0.00,-0.00,-0.00,-0.00,-0.00,-0.00,-0.00,-0.00,-0.00,-0.00,-0.00,-0.01,-0.01,-0.01,-0.01,-0.01,-0.01,-0.01,-0.01,-0.01,-0.01,-0.01,-0.01,-0.01,-0.01,-0.02,-0.02,-0.02,-0.02,-0.03,-0.02,-0.04,-0.02,-0.06,-0.02,-0.10,-0.02,-0.14,-0.02,-0.19,-0.03,-0.23,-0.03,-0.28,-0.03,-0.32,-0.03,-0.37,-0.03,-0.43,-0.03,-0.52,-0.03,-0.63,-0.04,-0.74,-0.04,-1.27,-0.05,-3.42,-0.07,-6.24,-0.08,-9.21,-0.10,-12.13,-0.12,-14.92,-0.14,-100.00,-0.16,-100.00,-0.17,-100.00,-0.19,-100.00,-0.21,-100.00,-0.22,-100.00,-0.24,-100.00,-0.26,-100.00,-0.27,-100.00,-0.33,-100.00,-0.38,-100.00,-0.42,-100.00,-0.46,-100.00,-0.50,-100.00,-0.53,-100.00,-0.56,-100.00,-0.59,-100.00,-0.62,-100.00,-0.64,-100.00,-0.66,-100.00,-0.69,-100.00,-2.07,-100.00,-100.00,-100.00,-100.00,-100.00,-100.00,-100.00,-100.00,-100.00,-100.00,-100.00,-100.00,-100.00,-100.00,-100.00,-100.00,-100.00,-100.00,-100.00,-100.00,-100.00,-100.00,-100.00,-100.00,-100.00,-100.00,-100.00,-100.00,-100.00,-100.00,-100.00,-100.00,-100.00,-100.00,-100.00,-100.00,-100.00,-100.00,-100.00,-100.00,-100.00,-100.00,-100.00,-100.00,-100.00,-100.00,-100.00,-100.00,-100.00,-100.00,-100.00,-100.00,-100.00,-100.00,-100.00,-100.00,-100.00,-100.00,-100.00,-100.00,-100.00,-100.00,-100.00,-100.00,-100.00,-100.00,-100.00,-100.00,-100.00,-100.00,-100.00,-100.00,-100.00,-100.00,-100.00,-100.00,-100.00,-100.00,-100.00,-100.00,-100.00,-100.00,-100.00,-100.00,-100.00,-100.00,-100.00,-100.00,-100.00,-100.00,-100.00,-100.00,-100.00,-100.00,-100.00,-100.00,-100.00,-100.00,-100.00,-100.00,-100.00,-100.00,-100.00,-100.00,-100.00,-100.00,-100.00,-100.00,-100.00,-100.00,-100.00,-100.00,-100.00,-100.00,-100.00,-100.00,-100.00,-100.00,-100.00,-100.00,-100.00,-100.00,-100.00,-100.00,-100.00,-100.00,-100.00,-100.00,-100.00,-100.00,-100.00,-100.00,-100.00,-100.00,-100.00,-100.00,-100.00,-100.00,-100.00,-100.00,-100.00,-100.00,-100.00,-100.00,-100.00,-100.00,-100.00,-100.00,-100.00,-100.00,-100.00,-100.00,-100.00,-100.00,-100.00
Maverick,weETH,WETH,0x2A8b91503980B2965FeF0E1680D2d113f04368a0,1.0284411875448034,0.9715628674674537,0,-0.00,-0.00,-0.00,-0.00,-0.01,-0.01,-0.01,-0.01,-0.01,-0.01,-0.01,-0.01,-0.02,-0.02,-0.02,-0.02,-0.02,-0.02,-0.02,-0.02,-0.03,-0.03,-0.04,-0.04,-0.04,-0.04,-0.05,-0.04,-0.06,-0.05,-0.07,-0.05,-0.08,-0.06,-0.09,-0.06,-100.00,-0.07,-100.00,-0.07,-100.00,-0.07,-100.00,-0.08,-100.00,-0.08,-100.00,-0.09,-100.00,-0.09,-100.00,-0.09,-100.00,-0.10,-100.00,-0.10,-100.00,-0.10,-100.00,-0.11,-100.00,-0.11,-100.00,-0.11,-100.00,-0.12,-100.00,-0.12,-100.00,-0.12,-100.00,-0.13,-100.00,-0.13,-100.00,-0.13,-100.00,-0.13,-100.00,-0.14,-100.00,-0.14,-100.00,-0.14,-100.00,-0.15,-100.00,-0.15,-100.00,-0.15,-100.00,-0.15,-100.00,-0.16,-100.00,-0.17,-100.00,-0.18,-100.00,-0.19,-100.00,-0.20,-100.00,-0.20,-100.00,-0.21,-100.00,-0.22,-100.00,-0.23,-100.00,-0.23,-100.00,-0.24,-100.00,-0.25,-100.00,-0.26,-100.00,-0.27,-100.00,-0.28,-100.00,-0.29,-100.00,-0.30,-100.00,-0.31,-100.00,-0.32,-100.00,-100.00,-100.00,-100.00,-100.00,-100.00,-100.00,-100.00,-100.00,-100.00,-100.00,-100.00,-100.00,-100.00,-100.00,-100.00,-100.00,-100.00,-100.00,-100.00,-100.00,-100.00,-100.00,-100.00,-100.00,-100.00,-100.00,-100.00,-100.00,-100.00,-100.00,-100.00,-100.00,-100.00,-100.00,-100.00,-100.00,-100.00,-100.00,-100.00,-100.00,-100.00,-100.00,-100.00,-100.00,-100.00,-100.00,-100.00,-100.00,-100.00,-100.00,-100.00,-100.00,-100.00,-100.00,-100.00,-100.00,-100.00,-100.00,-100.00,-100.00,-100.00,-100.00,-100.00,-100.00,-100.00,-100.00,-100.00,-100.00,-100.00,-100.00,-100.00,-100.00,-100.00,-100.00,-100.00,-100.00,-100.00,-100.00,-100.00,-100.00,-100.00,-100.00,-100.00,-100.00,-100.00,-100.00,-100.00,-100.00,-100.00,-100.00,-100.00,-100.00,-100.00,-100.00,-100.00,-100.00,-100.00,-100.00,-100.00,-100.00,-100.00,-100.00,-100.00,-100.00,-100.00,-100.00,-100.00,-100.00,-100.00,-100.00,-100.00,-100.00,-100.00,-100.00,-100.00,-100.00,-100.00,-100.00,-100.00,-100.00,-100.00,-100.00,-100.00,-100.00,-100.00,-100.00,-100.00,-100.00,-100.00,-100.00,-100.00,-100.00,-100.00,-100.00,-100.00,-100.00,-100.00,-100.00,-100.00,-100.00,-100.00
Maverick,wstETH,WETH,0x0eB1C92f9f5EC9D817968AfDdB4B46c564cdeDBe,0.8660753687848136,1.1544016498345622,0,-0.00,-0.00,-0.00,-0.00,-0.00,-0.00,-0.00,-0.00,-0.00,-0.00,-0.00,-0.00,-0.00,-0.00,-0.00,-0.00,-0.01,-0.01,-0.01,-0.01,-0.01,-0.01,-0.01,-0.01,-0.01,-0.01,-0.01,-0.01,-0.01,-0.01,-0.01,-0.01,-0.02,-0.02,-0.02,-0.02,-0.02,-0.02,-0.02,-0.02,-0.02,-0.02,-0.02,-0.03,-0.02,-0.03,-0.03,-0.03,-0.03,-0.03,-0.03,-0.04,-0.03,-0.04,-0.03,-0.04,-0.03,-0.05,-0.04,-0.05,-0.04,-0.05,-0.04,-0.05,-0.04,-0.06,-0.04,-0.06,-0.04,-0.06,-0.05,-0.07,-0.05,-0.07,-0.05,-0.07,-0.05,-0.08,-0.06,-0.08,-0.06,-0.08,-0.06,-0.08,-0.06,-0.09,-0.07,-0.09,-0.07,-0.09,-0.07,-0.10,-0.08,-0.11,-0.09,-0.12,-0.10,-0.14,-0.12,-0.15,-0.13,-0.16,-0.14,-0.18,-0.15,-0.19,-0.16,-0.21,-0.18,-0.22,-0.19,-0.23,-0.20,-0.25,-0.22,-0.26,-0.23,-0.28,-0.68,-1.36,-4.03,-4.89,-100.00,-100.00,-100.00,-100.00,-100.00,-100.00,-100.00,-100.00,-100.00,-100.00,-100.00,-100.00,-100.00,-100.00,-100.00,-100.00,-100.00,-100.00,-100.00,-100.00,-100.00,-100.00,-100.00,-100.00,-100.00,-100.00,-100.00,-100.00,-100.00,-100.00,-100.00,-100.00,-100.00,-100.00,-100.00,-100.00,-100.00,-100.00,-100.00,-100.00,-100.00,-100.00,-100.00,-100.00,-100.00,-100.00,-100.00,-100.00,-100.00,-100.00,-100.00,-100.00,-100.00,-100.00,-100.00,-100.00,-100.00,-100.00,-100.00,-100.00,-100.00,-100.00,-100.00,-100.00,-100.00,-100.00,-100.00,-100.00,-100.00,-100.00,-100.00,-100.00,-100.00,-100.00,-100.00,-100.00,-100.00,-100.00,-100.00,-100.00,-100.00,-100.00,-100.00,-100.00,-100.00,-100.00,-100.00,-100.00,-100.00,-100.00,-100.00,-100.00,-100.00,-100.00,-100.00,-100.00,-100.00,-100.00,-100.00,-100.00,-100.00,-100.00,-100.00,-100.00,-100.00,-100.00,-100.00,-100.00,-100.00,-100.00,-100.00,-100.00,-100.00,-100.00,-100.00,-100.00,-100.00,-100.00,-100.00,-100.00,-100.00,-100.00,-100.00,-100.00,-100.00,-100.00,-100.00,-100.00,-100.00,-100.00,-100.00,-100.00,-100.00,-100.00,-100.00,-100.00,-100.00,-100.00,-100.00,-100.00,-100.00,-100.00,-100.00,-100.00,-100.00,-100.00,-100.00,-100.00,-100.00,-100.00
Maverick,pxETH,ETH,0x8dd893b9ec19d89b66c01794cf5e04e30d284e53,1.0005410612225991,0.9990679577326121,0,-100.00,-0.05,-100.00,-0.07,-100.00,-0.08,-100.00,-0.09,-100.00,-0.10,-100.00,-100.00,-100.00,-100.00,-100.00,-100.00,-100.00,-100.00,-100.00,-100.00,-100.00,-100.00,-100.00,-100.00,-100.00,-100.00,-100.00,-100.00,-100.00,-100.00,-100.00,-100.00,-100.00,-100.00,-100.00,-100.00,-100.00,-100.00,-100.00,-100.00,-100.00,-100.00,-100.00,-100.00,-100.00,-100.00,-100.00,-100.00,-100.00,-100.00,-100.00,-100.00,-100.00,-100.00,-100.00,-100.00,-100.00,-100.00,-100.00,-100.00,-100.00,-100.00,-100.00,-100.00,-100.00,-100.00,-100.00,-100.00,-100.00,-100.00,-100.00,-100.00,-100.00,-100.00,-100.00,-100.00,-100.00,-100.00,-100.00,-100.00,-100.00,-100.00,-100.00,-100.00,-100.00,-100.00,-100.00,-100.00,-100.00,-100.00,-100.00,-100.00,-100.00,-100.00,-100.00,-100.00,-100.00,-100.00,-100.00,-100.00,-100.00,-100.00,-100.00,-100.00,-100.00,-100.00,-100.00,-100.00,-100.00,-100.00,-100.00,-100.00,-100.00,-100.00,-100.00,-100.00,-100.00,-100.00,-100.00,-100.00,-100.00,-100.00,-100.00,-100.00,-100.00,-100.00,-100.00,-100.00,-100.00,-100.00,-100.00,-100.00,-100.00,-100.00,-100.00,-100.00,-100.00,-100.00,-100.00,-100.00,-100.00,-100.00,-100.00,-100.00,-100.00,-100.00,-100.00,-100.00,-100.00,-100.00,-100.00,-100.00,-100.00,-100.00,-100.00,-100.00,-100.00,-100.00,-100.00,-100.00,-100.00,-100.00,-100.00,-100.00,-100.00,-100.00,-100.00,-100.00,-100.00,-100.00,-100.00,-100.00,-100.00,-100.00,-100.00,-100.00,-100.00,-100.00,-100.00,-100.00,-100.00,-100.00,-100.00,-100.00,-100.00,-100.00,-100.00,-100.00,-100.00,-100.00,-100.00,-100.00,-100.00,-100.00,-100.00,-100.00,-100.00,-100.00,-100.00,-100.00,-100.00,-100.00,-100.00,-100.00,-100.00,-100.00,-100.00,-100.00,-100.00,-100.00,-100.00,-100.00,-100.00,-100.00,-100.00,-100.00,-100.00,-100.00,-100.00,-100.00,-100.00,-100.00,-100.00,-100.00,-100.00,-100.00,-100.00,-100.00,-100.00,-100.00,-100.00,-100.00,-100.00,-100.00,-100.00,-100.00,-100.00,-100.00,-100.00,-100.00,-100.00,-100.00,-100.00,-100.00,-100.00,-100.00,-100.00,-100.00,-100.00,-100.00,-100.00,-100.00,-100.00,-100.00,-100.00,-100.00,-100.00,-100.00,-100.00,-100.00,-100.00,-100.00,-100.00,-100.00,-100.00,-100.00,-100.00,-100.00,-100.00,-100.00,-100.00,-100.00
