Time,Value
2024-04-24 01:00:01+00:00,3242.392144927
2024-04-24 01:00:11+00:00,3242.6606681572503
2024-04-24 01:00:21+00:00,3242.755987879667
2024-04-24 01:00:31+00:00,3242.632043086625
2024-04-24 01:00:41+00:00,3242.5724346176003
2024-04-24 01:00:51+00:00,3242.5275433055
2024-04-24 01:01:01+00:00,3242.5187181444285
2024-04-24 01:01:11+00:00,3242.554975009875
2024-04-24 01:01:21+00:00,3242.6429128141663
2024-04-24 01:01:31+00:00,3242.73943697375
2024-04-24 01:01:41+00:00,3242.795760726273
2024-04-24 01:01:51+00:00,3242.862911491667
2024-04-24 01:02:01+00:00,3242.9652330813074
2024-04-24 01:02:11+00:00,3243.0871101745356
2024-04-24 01:02:21+00:00,3243.2072953292
2024-04-24 01:02:31+00:00,3243.339596721625
2024-04-24 01:02:41+00:00,3243.4752463091763
2024-04-24 01:02:51+00:00,3243.6269772785554
2024-04-24 01:03:01+00:00,3243.779594175237
2024-04-24 01:03:11+00:00,3243.942355306575
2024-04-24 01:03:21+00:00,3244.116104252024
2024-04-24 01:03:31+00:00,3244.2922520819093
2024-04-24 01:03:41+00:00,3244.4582050535437
2024-04-24 01:03:51+00:00,3244.632179132354
2024-04-24 01:04:01+00:00,3244.78315996228
2024-04-24 01:04:11+00:00,3244.9133617667885
2024-04-24 01:04:21+00:00,3245.0461671902594
2024-04-24 01:04:31+00:00,3245.168774977982
2024-04-24 01:04:41+00:00,3245.2956177285
2024-04-24 01:04:51+00:00,3245.414433268033
2024-04-24 01:05:01+00:00,3245.5120098108873
2024-04-24 01:05:11+00:00,3245.5952274835
2024-04-24 01:05:21+00:00,3245.6656868787272
2024-04-24 01:05:31+00:00,3245.7170826662204
2024-04-24 01:05:41+00:00,3245.7503150285283
2024-04-24 01:05:51+00:00,3245.7728241563195
2024-04-24 01:06:01+00:00,3245.7942230744457
2024-04-24 01:06:11+00:00,3245.8129876696316
2024-04-24 01:06:21+00:00,3245.817205611705
2024-04-24 01:06:31+00:00,3245.8133299375627
2024-04-24 01:06:41+00:00,3245.8439193476947
2024-04-24 01:06:51+00:00,3245.887733667405
2024-04-24 01:07:01+00:00,3245.934402416907
2024-04-24 01:07:11+00:00,3245.964123926136
2024-04-24 01:07:21+00:00,3245.9891697197995
2024-04-24 01:07:31+00:00,3246.005044326348
2024-04-24 01:07:41+00:00,3246.0223267380743
2024-04-24 01:07:51+00:00,3246.0593011092915
2024-04-24 01:08:01+00:00,3246.086347767602
2024-04-24 01:08:11+00:00,3246.10071577455
2024-04-24 01:08:21+00:00,3246.1171750876374
2024-04-24 01:08:31+00:00,3246.12360835126
2024-04-24 01:08:41+00:00,3246.101774047783
2024-04-24 01:08:51+00:00,3246.08190528187
2024-04-24 01:09:01+00:00,3246.062492733527
2024-04-24 01:09:11+00:00,3246.047089692179
2024-04-24 01:09:21+00:00,3246.0352214710088
2024-04-24 01:09:31+00:00,3246.02086844169
2024-04-24 01:09:41+00:00,3246.0040047215
2024-04-24 01:09:51+00:00,3245.977418984675
2024-04-24 01:10:01+00:00,3245.943264397197
2024-04-24 01:10:11+00:00,3245.914527996508
2024-04-24 01:10:21+00:00,3245.89467323596
2024-04-24 01:10:31+00:00,3245.8772321488045
2024-04-24 01:10:41+00:00,3245.864726702485
2024-04-24 01:10:51+00:00,3245.8529768774165
2024-04-24 01:11:01+00:00,3245.8459904077686
2024-04-24 01:11:11+00:00,3245.8490818651103
2024-04-24 01:11:21+00:00,3245.8427533546446
2024-04-24 01:11:31+00:00,3245.8309717741718
2024-04-24 01:11:41+00:00,3245.819567423972
2024-04-24 01:11:51+00:00,3245.8160165265
2024-04-24 01:12:01+00:00,3245.817635415096
2024-04-24 01:12:11+00:00,3245.818836797615
2024-04-24 01:12:21+00:00,3245.83854874044
2024-04-24 01:12:31+00:00,3245.857152411513
2024-04-24 01:12:41+00:00,3245.8693507028506
2024-04-24 01:12:51+00:00,3245.8815350451027
2024-04-24 01:13:01+00:00,3245.89218342669
2024-04-24 01:13:11+00:00,3245.8955188639748
2024-04-24 01:13:21+00:00,3245.8923593258332
2024-04-24 01:13:31+00:00,3245.8838818613413
2024-04-24 01:13:41+00:00,3245.869450344024
2024-04-24 01:13:51+00:00,3245.838226427286
2024-04-24 01:14:01+00:00,3245.798657122006
2024-04-24 01:14:11+00:00,3245.7599030647793
2024-04-24 01:14:21+00:00,3245.722355047707
2024-04-24 01:14:31+00:00,3245.695926747517
2024-04-24 01:14:41+00:00,3245.665824536938
2024-04-24 01:14:51+00:00,3245.6347461424107
2024-04-24 01:15:01+00:00,3245.599379996094
2024-04-24 01:15:11+00:00,3245.5560605203045
2024-04-24 01:15:21+00:00,3245.5119801137416
2024-04-24 01:15:31+00:00,3245.4656507319787
2024-04-24 01:15:41+00:00,3245.424572916237
2024-04-24 01:15:51+00:00,3245.391709120859
2024-04-24 01:16:01+00:00,3245.361534076923
2024-04-24 01:16:11+00:00,3245.3379235413317
2024-04-24 01:16:21+00:00,3245.3212578344796
2024-04-24 01:16:31+00:00,3245.307263623455
2024-04-24 01:16:41+00:00,3245.2847655065248
2024-04-24 01:16:51+00:00,3245.2615243288724
2024-04-24 01:17:01+00:00,3245.237905294432
2024-04-24 01:17:11+00:00,3245.2231939620387
2024-04-24 01:17:21+00:00,3245.2101648385665
2024-04-24 01:17:31+00:00,3245.197865129901
2024-04-24 01:17:41+00:00,3245.18358023557
2024-04-24 01:17:51+00:00,3245.1667713994675
2024-04-24 01:18:01+00:00,3245.1500919582427
2024-04-24 01:18:11+00:00,3245.1363127631907
2024-04-24 01:18:21+00:00,3245.1251279292565
2024-04-24 01:18:31+00:00,3245.115752990388
2024-04-24 01:18:41+00:00,3245.10427046623
2024-04-24 01:18:51+00:00,3245.0942021400174
2024-04-24 01:19:01+00:00,3245.084265537687
2024-04-24 01:19:11+00:00,3245.0698917110685
2024-04-24 01:19:21+00:00,3245.0574131205
2024-04-24 01:19:31+00:00,3245.047071806729
2024-04-24 01:19:41+00:00,3245.0392589201724
2024-04-24 01:19:51+00:00,3245.0324494422375
2024-04-24 01:20:01+00:00,3245.0188377733675
2024-04-24 01:20:11+00:00,3245.003955001307
2024-04-24 01:20:21+00:00,3244.9890338787395
2024-04-24 01:20:31+00:00,3244.9742973325806
2024-04-24 01:20:41+00:00,3244.959996123504
2024-04-24 01:20:51+00:00,3244.949550503607
2024-04-24 01:21:01+00:00,3244.941808226807
2024-04-24 01:21:11+00:00,3244.9330198111015
2024-04-24 01:21:21+00:00,3244.9240572805465
2024-04-24 01:21:31+00:00,3244.9144735656846
2024-04-24 01:21:41+00:00,3244.903665308454
2024-04-24 01:21:51+00:00,3244.89248869436
2024-04-24 01:22:01+00:00,3244.881200211466
2024-04-24 01:22:11+00:00,3244.8713630362236
2024-04-24 01:22:21+00:00,3244.8651445033997
2024-04-24 01:22:31+00:00,3244.858239114331
2024-04-24 01:22:41+00:00,3244.8540958441495
2024-04-24 01:22:51+00:00,3244.8531831174964
2024-04-24 01:23:01+00:00,3244.8516834016978
2024-04-24 01:23:11+00:00,3244.8551883961786
2024-04-24 01:23:21+00:00,3244.8607541678866
2024-04-24 01:23:31+00:00,3244.867649081606
2024-04-24 01:23:41+00:00,3244.8749751222585
2024-04-24 01:23:51+00:00,3244.883037167337
2024-04-24 01:24:01+00:00,3244.8916265748826
2024-04-24 01:24:11+00:00,3244.9023548351984
2024-04-24 01:24:21+00:00,3244.9148694429114
2024-04-24 01:24:31+00:00,3244.9301060680605
2024-04-24 01:24:41+00:00,3244.944542585537
2024-04-24 01:24:51+00:00,3244.9602238802963
2024-04-24 01:25:01+00:00,3244.9765155909504
2024-04-24 01:25:11+00:00,3244.992630703171
2024-04-24 01:25:21+00:00,3245.010033330663
2024-04-24 01:25:31+00:00,3245.0263786231008
2024-04-24 01:25:41+00:00,3245.0423749554775
2024-04-24 01:25:51+00:00,3245.0573927770065
2024-04-24 01:26:01+00:00,3245.070149161137
2024-04-24 01:26:11+00:00,3245.0816044733037
2024-04-24 01:26:21+00:00,3245.0943607021413
2024-04-24 01:26:31+00:00,3245.1096262137467
2024-04-24 01:26:41+00:00,3245.1239618648665
2024-04-24 01:26:51+00:00,3245.1389559476916
2024-04-24 01:27:01+00:00,3245.153822362445
2024-04-24 01:27:11+00:00,3245.169227174939
2024-04-24 01:27:21+00:00,3245.1868645048785
2024-04-24 01:27:31+00:00,3245.2079242677983
2024-04-24 01:27:41+00:00,3245.230020092467
2024-04-24 01:27:51+00:00,3245.253387152003
2024-04-24 01:28:01+00:00,3245.277213736905
2024-04-24 01:28:11+00:00,3245.3007259047968
2024-04-24 01:28:21+00:00,3245.3250166116873
2024-04-24 01:28:31+00:00,3245.3455383466744
2024-04-24 01:28:41+00:00,3245.365252231072
2024-04-24 01:28:51+00:00,3245.3791467657957
2024-04-24 01:29:01+00:00,3245.3931916688257
2024-04-24 01:29:11+00:00,3245.409204573321
2024-04-24 01:29:21+00:00,3245.4258545062658
2024-04-24 01:29:31+00:00,3245.442703485478
2024-04-24 01:29:41+00:00,3245.458782359972
2024-04-24 01:29:51+00:00,3245.475535437272
2024-04-24 01:30:01+00:00,3245.494215966837
2024-04-24 01:30:11+00:00,3245.532140254674
2024-04-24 01:30:21+00:00,3245.5649497470554
2024-04-24 01:30:31+00:00,3245.593690157055
2024-04-24 01:30:41+00:00,3245.6216554579996
2024-04-24 01:30:51+00:00,3245.6464352810167
2024-04-24 01:31:01+00:00,3245.6713965213594
2024-04-24 01:31:11+00:00,3245.6914724647677
2024-04-24 01:31:21+00:00,3245.704756166055
2024-04-24 01:31:31+00:00,3245.7166175553425
2024-04-24 01:31:41+00:00,3245.7263576108976
2024-04-24 01:31:51+00:00,3245.733786041022
2024-04-24 01:32:01+00:00,3245.738604072641
2024-04-24 01:32:11+00:00,3245.740369061735
2024-04-24 01:32:21+00:00,3245.7432577277127
2024-04-24 01:32:31+00:00,3245.7524988225114
2024-04-24 01:32:41+00:00,3245.756895073005
2024-04-24 01:32:51+00:00,3245.7616522393064
2024-04-24 01:33:01+00:00,3245.7636525867983
2024-04-24 01:33:11+00:00,3245.7696008560556
2024-04-24 01:33:21+00:00,3245.773482446812
2024-04-24 01:33:31+00:00,3245.770697013983
2024-04-24 01:33:41+00:00,3245.7621390913896
2024-04-24 01:33:51+00:00,3245.7533603798506
2024-04-24 01:34:01+00:00,3245.7419726853645
2024-04-24 01:34:11+00:00,3245.7328663504222
2024-04-24 01:34:21+00:00,3245.7271291549064
2024-04-24 01:34:31+00:00,3245.7195837458785
2024-04-24 01:34:41+00:00,3245.707807452669
2024-04-24 01:34:51+00:00,3245.691299770848
2024-04-24 01:35:01+00:00,3245.674446725533
2024-04-24 01:35:11+00:00,3245.6555430155026
2024-04-24 01:35:21+00:00,3245.6369825670467
2024-04-24 01:35:31+00:00,3245.6162388442544
2024-04-24 01:35:41+00:00,3245.5987645531022
2024-04-24 01:35:51+00:00,3245.5769687662073
2024-04-24 01:36:01+00:00,3245.5573836563976
2024-04-24 01:36:11+00:00,3245.536940036025
2024-04-24 01:36:21+00:00,3245.513028391188
2024-04-24 01:36:31+00:00,3245.5012284228533
2024-04-24 01:36:41+00:00,3245.4992063420805
2024-04-24 01:36:51+00:00,3245.4959160040385
2024-04-24 01:37:01+00:00,3245.491421347055
2024-04-24 01:37:11+00:00,3245.486740498746
2024-04-24 01:37:21+00:00,3245.490360851489
2024-04-24 01:37:31+00:00,3245.498728820179
2024-04-24 01:37:41+00:00,3245.513062161061
2024-04-24 01:37:51+00:00,3245.5234191051136
2024-04-24 01:38:01+00:00,3245.5284140211656
2024-04-24 01:38:11+00:00,3245.5404490805913
2024-04-24 01:38:21+00:00,3245.556353621647
2024-04-24 01:38:31+00:00,3245.572288094663
2024-04-24 01:38:41+00:00,3245.5940973782263
2024-04-24 01:38:51+00:00,3245.624734886481
2024-04-24 01:39:01+00:00,3245.655101112348
2024-04-24 01:39:11+00:00,3245.6833205343614
2024-04-24 01:39:21+00:00,3245.7105970875937
2024-04-24 01:39:31+00:00,3245.732051258497
2024-04-24 01:39:41+00:00,3245.749138138682
2024-04-24 01:39:51+00:00,3245.771523862569
2024-04-24 01:40:01+00:00,3245.804744675097
2024-04-24 01:40:11+00:00,3245.8449936897514
2024-04-24 01:40:21+00:00,3245.8860071030854
2024-04-24 01:40:31+00:00,3245.9241225956243
2024-04-24 01:40:41+00:00,3245.968334777475
2024-04-24 01:40:51+00:00,3246.0093406937676
2024-04-24 01:41:01+00:00,3246.050108420229
2024-04-24 01:41:11+00:00,3246.0913637025997
2024-04-24 01:41:21+00:00,3246.129069707119
2024-04-24 01:41:31+00:00,3246.172269088677
2024-04-24 01:41:41+00:00,3246.2157057903864
2024-04-24 01:41:51+00:00,3246.256812790027
2024-04-24 01:42:01+00:00,3246.29760375803
2024-04-24 01:42:11+00:00,3246.337169561036
2024-04-24 01:42:21+00:00,3246.3769817422676
2024-04-24 01:42:31+00:00,3246.409191577088
2024-04-24 01:42:41+00:00,3246.441873302807
2024-04-24 01:42:51+00:00,3246.4778739438125
2024-04-24 01:43:01+00:00,3246.5145027815142
2024-04-24 01:43:11+00:00,3246.5492291115274
2024-04-24 01:43:21+00:00,3246.587602790006
2024-04-24 01:43:31+00:00,3246.6298850353123
2024-04-24 01:43:41+00:00,3246.673110272956
2024-04-24 01:43:51+00:00,3246.7235912601245
2024-04-24 01:44:01+00:00,3246.7804245812567
2024-04-24 01:44:11+00:00,3246.8454947784476
2024-04-24 01:44:21+00:00,3246.9086898415276
2024-04-24 01:44:31+00:00,3246.9737021104447
2024-04-24 01:44:41+00:00,3247.0403828987987
2024-04-24 01:44:51+00:00,3247.110454365685
2024-04-24 01:45:01+00:00,3247.182834264666
2024-04-24 01:45:11+00:00,3247.261421560014
2024-04-24 01:45:21+00:00,3247.34164998821
2024-04-24 01:45:31+00:00,3247.4154031438316
2024-04-24 01:45:41+00:00,3247.4811212400637
2024-04-24 01:45:51+00:00,3247.545134951304
2024-04-24 01:46:01+00:00,3247.6081800612405
2024-04-24 01:46:11+00:00,3247.6719655499696
2024-04-24 01:46:21+00:00,3247.736992502155
2024-04-24 01:46:31+00:00,3247.802823785953
2024-04-24 01:46:41+00:00,3247.8659235569776
2024-04-24 01:46:51+00:00,3247.931727227202
2024-04-24 01:47:01+00:00,3247.9976692931714
2024-04-24 01:47:11+00:00,3248.0638846985908
2024-04-24 01:47:21+00:00,3248.1191936737046
2024-04-24 01:47:31+00:00,3248.168967313271
2024-04-24 01:47:41+00:00,3248.2183900118202
2024-04-24 01:47:51+00:00,3248.2710972191962
2024-04-24 01:48:01+00:00,3248.3318513933596
2024-04-24 01:48:11+00:00,3248.394656075442
2024-04-24 01:48:21+00:00,3248.4508498182013
2024-04-24 01:48:31+00:00,3248.503052437555
2024-04-24 01:48:41+00:00,3248.551759249033
2024-04-24 01:48:51+00:00,3248.5988837829336
2024-04-24 01:49:01+00:00,3248.641518989105
2024-04-24 01:49:11+00:00,3248.684865247486
2024-04-24 01:49:21+00:00,3248.734624953771
2024-04-24 01:49:31+00:00,3248.7843493043947
2024-04-24 01:49:41+00:00,3248.8309839999474
2024-04-24 01:49:51+00:00,3248.874772447591
2024-04-24 01:50:01+00:00,3248.9176700243033
2024-04-24 01:50:11+00:00,3248.9617018786134
2024-04-24 01:50:21+00:00,3249.0032222013233
2024-04-24 01:50:31+00:00,3249.0437303257954
2024-04-24 01:50:41+00:00,3249.080137818022
2024-04-24 01:50:51+00:00,3249.1137631210913
2024-04-24 01:51:01+00:00,3249.1448091106686
2024-04-24 01:51:11+00:00,3249.1693968462323
2024-04-24 01:51:21+00:00,3249.195533425552
2024-04-24 01:51:31+00:00,3249.2192758305137
2024-04-24 01:51:41+00:00,3249.249659193641
2024-04-24 01:51:51+00:00,3249.281281469456
2024-04-24 01:52:01+00:00,3249.3135160555053
2024-04-24 01:52:11+00:00,3249.3441456324776
2024-04-24 01:52:21+00:00,3249.375296147544
2024-04-24 01:52:31+00:00,3249.40269855792
2024-04-24 01:52:41+00:00,3249.4285744550966
2024-04-24 01:52:51+00:00,3249.443129562392
2024-04-24 01:53:01+00:00,3249.457416172102
2024-04-24 01:53:11+00:00,3249.464668869942
2024-04-24 01:53:21+00:00,3249.468042690506
2024-04-24 01:53:31+00:00,3249.4564318689095
2024-04-24 01:53:41+00:00,3249.4444222138454
2024-04-24 01:53:51+00:00,3249.4319546776937
2024-04-24 01:54:01+00:00,3249.4198083186743
2024-04-24 01:54:11+00:00,3249.4061866412276
2024-04-24 01:54:21+00:00,3249.390455202299
2024-04-24 01:54:31+00:00,3249.3705888758486
2024-04-24 01:54:41+00:00,3249.3468441376804
2024-04-24 01:54:51+00:00,3249.3218073834955
2024-04-24 01:55:01+00:00,3249.294270345343
2024-04-24 01:55:11+00:00,3249.2711057101164
2024-04-24 01:55:21+00:00,3249.247993286387
2024-04-24 01:55:31+00:00,3249.2226072806775
2024-04-24 01:55:41+00:00,3249.197648217799
2024-04-24 01:55:51+00:00,3249.169848994738
2024-04-24 01:56:01+00:00,3249.1417186984813
2024-04-24 01:56:11+00:00,3249.114786216578
2024-04-24 01:56:21+00:00,3249.08798695781
2024-04-24 01:56:31+00:00,3249.0582758159676
2024-04-24 01:56:41+00:00,3249.0255087729647
2024-04-24 01:56:51+00:00,3248.998118405583
2024-04-24 01:57:01+00:00,3248.9682930013787
2024-04-24 01:57:11+00:00,3248.9363207847823
2024-04-24 01:57:21+00:00,3248.9032484884674
2024-04-24 01:57:31+00:00,3248.868175438216
2024-04-24 01:57:41+00:00,3248.8304436867907
2024-04-24 01:57:51+00:00,3248.7909290001444
2024-04-24 01:58:01+00:00,3248.7485661232795
2024-04-24 01:58:11+00:00,3248.7045116059758
2024-04-24 01:58:21+00:00,3248.660547190984
2024-04-24 01:58:31+00:00,3248.6190760024315
2024-04-24 01:58:41+00:00,3248.5812977669316
2024-04-24 01:58:51+00:00,3248.5434263483544
2024-04-24 01:59:01+00:00,3248.51393750139
2024-04-24 01:59:11+00:00,3248.4836535940008
2024-04-24 01:59:21+00:00,3248.454928018393
2024-04-24 01:59:31+00:00,3248.4244361843294
2024-04-24 01:59:41+00:00,3248.3898051521055
2024-04-24 01:59:51+00:00,3248.3542181371167
2024-04-24 02:00:01+00:00,3248.3178136040033
2024-04-24 02:00:11+00:00,3248.281394599749
2024-04-24 02:00:21+00:00,3248.2489303701336
2024-04-24 02:00:31+00:00,3248.219834950534
2024-04-24 02:00:41+00:00,3248.1914471844507
2024-04-24 02:00:51+00:00,3248.161985477031
2024-04-24 02:01:01+00:00,3248.1312978250253
2024-04-24 02:01:11+00:00,3248.097478527816
2024-04-24 02:01:21+00:00,3248.0667093975558
2024-04-24 02:01:31+00:00,3248.036129907357
2024-04-24 02:01:41+00:00,3248.00029707784
2024-04-24 02:01:51+00:00,3247.9628194530615
2024-04-24 02:02:01+00:00,3247.926444999716
2024-04-24 02:02:11+00:00,3247.8917610861004
2024-04-24 02:02:21+00:00,3247.856696986705
2024-04-24 02:02:31+00:00,3247.81650827697
2024-04-24 02:02:41+00:00,3247.7680759713844
2024-04-24 02:02:51+00:00,3247.7208879308682
2024-04-24 02:03:01+00:00,3247.670883406374
2024-04-24 02:03:11+00:00,3247.6202192074647
2024-04-24 02:03:21+00:00,3247.565418331227
2024-04-24 02:03:31+00:00,3247.51108503184
2024-04-24 02:03:41+00:00,3247.460009392183
2024-04-24 02:03:51+00:00,3247.4125184715226
2024-04-24 02:04:01+00:00,3247.3670513725174
2024-04-24 02:04:11+00:00,3247.321468164724
2024-04-24 02:04:21+00:00,3247.2741104637907
2024-04-24 02:04:31+00:00,3247.230651108923
2024-04-24 02:04:41+00:00,3247.189882936462
2024-04-24 02:04:51+00:00,3247.1465638623213
2024-04-24 02:05:01+00:00,3247.091644424995
2024-04-24 02:05:11+00:00,3247.0354679152324
2024-04-24 02:05:21+00:00,3246.9858832431555
2024-04-24 02:05:31+00:00,3246.9381551688657
2024-04-24 02:05:41+00:00,3246.8989961422326
2024-04-24 02:05:51+00:00,3246.8594903710505
2024-04-24 02:06:01+00:00,3246.817449388255
2024-04-24 02:06:11+00:00,3246.7710364801856
2024-04-24 02:06:21+00:00,3246.7174829375726
2024-04-24 02:06:31+00:00,3246.6536231493847
2024-04-24 02:06:41+00:00,3246.5762685730915
2024-04-24 02:06:51+00:00,3246.4989151445143
2024-04-24 02:07:01+00:00,3246.423740632807
2024-04-24 02:07:11+00:00,3246.3472038235004
2024-04-24 02:07:21+00:00,3246.2729182324124
2024-04-24 02:07:31+00:00,3246.1963564986777
2024-04-24 02:07:41+00:00,3246.118300197048
2024-04-24 02:07:51+00:00,3246.0402958207465
2024-04-24 02:08:01+00:00,3245.960873230249
2024-04-24 02:08:11+00:00,3245.881883075479
2024-04-24 02:08:21+00:00,3245.7987363471584
2024-04-24 02:08:31+00:00,3245.7174338662408
2024-04-24 02:08:41+00:00,3245.6374293989843
2024-04-24 02:08:51+00:00,3245.554143050299
2024-04-24 02:09:01+00:00,3245.4685272473484
2024-04-24 02:09:11+00:00,3245.3831737354426
2024-04-24 02:09:21+00:00,3245.3022339540175
2024-04-24 02:09:31+00:00,3245.2276741603296
2024-04-24 02:09:41+00:00,3245.1579247276
2024-04-24 02:09:51+00:00,3245.0937003469066
2024-04-24 02:10:01+00:00,3245.024358207777
2024-04-24 02:10:11+00:00,3244.9477949324146
2024-04-24 02:10:21+00:00,3244.8598354444043
2024-04-24 02:10:31+00:00,3244.7726649111605
2024-04-24 02:10:41+00:00,3244.6834281471965
2024-04-24 02:10:51+00:00,3244.5869913422052
2024-04-24 02:11:01+00:00,3244.494289452749
2024-04-24 02:11:11+00:00,3244.403444425365
2024-04-24 02:11:21+00:00,3244.3115166213793
2024-04-24 02:11:31+00:00,3244.2188637420672
2024-04-24 02:11:41+00:00,3244.12626045207
2024-04-24 02:11:51+00:00,3244.0370839260445
2024-04-24 02:12:01+00:00,3243.9527290057795
2024-04-24 02:12:11+00:00,3243.8427206860806
2024-04-24 02:12:21+00:00,3243.7332292027713
2024-04-24 02:12:31+00:00,3243.6247278514097
2024-04-24 02:12:41+00:00,3243.516259872733
2024-04-24 02:12:51+00:00,3243.4089422657134
2024-04-24 02:13:01+00:00,3243.300918914252
2024-04-24 02:13:11+00:00,3243.1913068424587
2024-04-24 02:13:21+00:00,3243.072349870992
2024-04-24 02:13:31+00:00,3242.9517834780117
2024-04-24 02:13:41+00:00,3242.8304786890667
2024-04-24 02:13:51+00:00,3242.7100237403765
2024-04-24 02:14:01+00:00,3242.5855920702356
2024-04-24 02:14:11+00:00,3242.4644679844428
2024-04-24 02:14:21+00:00,3242.3443380642852
2024-04-24 02:14:31+00:00,3242.2278804073712
2024-04-24 02:14:41+00:00,3242.1125844233984
2024-04-24 02:14:51+00:00,3241.989968104133
2024-04-24 02:15:01+00:00,3241.862657763249
2024-04-24 02:15:11+00:00,3241.7311719104646
2024-04-24 02:15:21+00:00,3241.594822883871
2024-04-24 02:15:31+00:00,3241.462034451575
2024-04-24 02:15:41+00:00,3241.334328333481
2024-04-24 02:15:51+00:00,3241.217240873763
2024-04-24 02:16:01+00:00,3241.105858936633
2024-04-24 02:16:11+00:00,3240.991141166117
2024-04-24 02:16:21+00:00,3240.873116703012
2024-04-24 02:16:31+00:00,3240.7510005978543
2024-04-24 02:16:41+00:00,3240.6217544554534
2024-04-24 02:16:51+00:00,3240.493500821749
2024-04-24 02:17:01+00:00,3240.3672203129313
2024-04-24 02:17:11+00:00,3240.2407331188706
2024-04-24 02:17:21+00:00,3240.1113412165473
2024-04-24 02:17:31+00:00,3239.988679641277
2024-04-24 02:17:41+00:00,3239.8683191141777
2024-04-24 02:17:51+00:00,3239.750494230556
2024-04-24 02:18:01+00:00,3239.632670841951
2024-04-24 02:18:11+00:00,3239.5094305112493
2024-04-24 02:18:21+00:00,3239.384235114738
2024-04-24 02:18:31+00:00,3239.265251796144
2024-04-24 02:18:41+00:00,3239.1439167724734
2024-04-24 02:18:51+00:00,3239.022698313796
2024-04-24 02:19:01+00:00,3238.9021979600116
2024-04-24 02:19:11+00:00,3238.7830350298236
2024-04-24 02:19:21+00:00,3238.6614166320005
2024-04-24 02:19:31+00:00,3238.5148763754264
2024-04-24 02:19:41+00:00,3238.367076282448
2024-04-24 02:19:51+00:00,3238.217764484122
2024-04-24 02:20:01+00:00,3238.068604637915
2024-04-24 02:20:11+00:00,3237.919225295979
2024-04-24 02:20:21+00:00,3237.7732537959346
2024-04-24 02:20:31+00:00,3237.6278892968926
2024-04-24 02:20:41+00:00,3237.4815773239593
2024-04-24 02:20:51+00:00,3237.339396196031
2024-04-24 02:21:01+00:00,3237.195523799934
2024-04-24 02:21:11+00:00,3237.0511408263073
2024-04-24 02:21:21+00:00,3236.9037866319068
2024-04-24 02:21:31+00:00,3236.7573380477465
2024-04-24 02:21:41+00:00,3236.6194836594727
2024-04-24 02:21:51+00:00,3236.4481429936413
2024-04-24 02:22:01+00:00,3236.2796273511663
2024-04-24 02:22:11+00:00,3236.1021336800777
2024-04-24 02:22:21+00:00,3235.928183535735
2024-04-24 02:22:31+00:00,3235.7596854288954
2024-04-24 02:22:41+00:00,3235.592133377125
2024-04-24 02:22:51+00:00,3235.4317495227106
2024-04-24 02:23:01+00:00,3235.2785044962325
2024-04-24 02:23:11+00:00,3235.1193848931607
2024-04-24 02:23:21+00:00,3234.9655047547053
2024-04-24 02:23:31+00:00,3234.810783608127
2024-04-24 02:23:41+00:00,3234.668930042136
2024-04-24 02:23:51+00:00,3234.5263208348783
2024-04-24 02:24:01+00:00,3234.3829236801275
2024-04-24 02:24:11+00:00,3234.23181959971
2024-04-24 02:24:21+00:00,3234.080541620301
2024-04-24 02:24:31+00:00,3233.9409944945774
2024-04-24 02:24:41+00:00,3233.7573407904397
2024-04-24 02:24:51+00:00,3233.5736817631882
2024-04-24 02:25:01+00:00,3233.393025284602
2024-04-24 02:25:11+00:00,3233.211448183826
2024-04-24 02:25:21+00:00,3233.016815540359
2024-04-24 02:25:31+00:00,3232.824974009025
2024-04-24 02:25:41+00:00,3232.637088438248
2024-04-24 02:25:51+00:00,3232.4516285368727
2024-04-24 02:26:01+00:00,3232.2703943680385
2024-04-24 02:26:11+00:00,3232.0885939455966
2024-04-24 02:26:21+00:00,3231.905709474459
2024-04-24 02:26:31+00:00,3231.713102421801
2024-04-24 02:26:41+00:00,3231.520687771975
2024-04-24 02:26:51+00:00,3231.329098419503
2024-04-24 02:27:01+00:00,3231.1317148452736
2024-04-24 02:27:11+00:00,3230.9364039469974
2024-04-24 02:27:21+00:00,3230.7261708873452
2024-04-24 02:27:31+00:00,3230.5323152655383
2024-04-24 02:27:41+00:00,3230.335023731605
2024-04-24 02:27:51+00:00,3230.1377737432786
2024-04-24 02:28:01+00:00,3229.9412402234584
2024-04-24 02:28:11+00:00,3229.7108813662653
2024-04-24 02:28:21+00:00,3229.448007301671
2024-04-24 02:28:31+00:00,3229.1931776990364
2024-04-24 02:28:41+00:00,3228.940565890539
2024-04-24 02:28:51+00:00,3228.684056543169
2024-04-24 02:29:01+00:00,3228.426848398964
2024-04-24 02:29:11+00:00,3228.096692500699
2024-04-24 02:29:21+00:00,3227.764898728583
2024-04-24 02:29:31+00:00,3227.4297468630193
2024-04-24 02:29:41+00:00,3227.0928531415248
2024-04-24 02:29:51+00:00,3226.755745736547
2024-04-24 02:30:01+00:00,3226.4186199280057
2024-04-24 02:30:11+00:00,3226.0812748776907
2024-04-24 02:30:21+00:00,3225.739582580569
2024-04-24 02:30:31+00:00,3225.3801207772376
2024-04-24 02:30:41+00:00,3225.015953951
2024-04-24 02:30:51+00:00,3224.657871943351
2024-04-24 02:31:01+00:00,3224.306110369812
2024-04-24 02:31:11+00:00,3223.948093572934
2024-04-24 02:31:21+00:00,3223.58544187566
2024-04-24 02:31:31+00:00,3223.230454587997
2024-04-24 02:31:41+00:00,3222.8780368227594
2024-04-24 02:31:51+00:00,3222.5345659674476
2024-04-24 02:32:01+00:00,3222.192775744909
2024-04-24 02:32:11+00:00,3221.8458861860136
2024-04-24 02:32:21+00:00,3221.4948802858235
2024-04-24 02:32:31+00:00,3221.1421826284422
2024-04-24 02:32:41+00:00,3220.784745905423
2024-04-24 02:32:51+00:00,3220.42688631592
2024-04-24 02:33:01+00:00,3220.058676607516
2024-04-24 02:33:11+00:00,3219.6815369161354
2024-04-24 02:33:21+00:00,3219.3061653308537
2024-04-24 02:33:31+00:00,3218.842825201644
2024-04-24 02:33:41+00:00,3218.2986408445886
2024-04-24 02:33:51+00:00,3217.7568578203177
2024-04-24 02:34:01+00:00,3217.221956676735
2024-04-24 02:34:11+00:00,3216.682029286077
2024-04-24 02:34:21+00:00,3216.0694762912403
2024-04-24 02:34:31+00:00,3215.440080229356
2024-04-24 02:34:41+00:00,3214.8159386849698
2024-04-24 02:34:51+00:00,3214.197313529113
2024-04-24 02:35:01+00:00,3213.45061040003
2024-04-24 02:35:11+00:00,3212.6837600908893
2024-04-24 02:35:21+00:00,3211.848178562301
2024-04-24 02:35:31+00:00,3210.718703580489
2024-04-24 02:35:41+00:00,3209.5814641122815
2024-04-24 02:35:51+00:00,3208.440962823293
2024-04-24 02:36:01+00:00,3207.1123505229057
2024-04-24 02:36:11+00:00,3205.5733460281435
2024-04-24 02:36:21+00:00,3203.8131050653865
2024-04-24 02:36:31+00:00,3201.8393063584726
2024-04-24 02:36:41+00:00,3199.8780497696766
2024-04-24 02:36:51+00:00,3197.7606058728816
2024-04-24 02:37:01+00:00,3195.6362747340495
2024-04-24 02:37:11+00:00,3193.0227673543677
2024-04-24 02:37:21+00:00,3190.7639027138316
2024-04-24 02:37:31+00:00,3188.0828720267377
2024-04-24 02:37:41+00:00,3185.345033971431
2024-04-24 02:37:51+00:00,3182.601662497033
2024-04-24 02:38:01+00:00,3179.8530413371104
2024-04-24 02:38:11+00:00,3176.9811861616026
2024-04-24 02:38:21+00:00,3173.887006046831
2024-04-24 02:38:31+00:00,3171.932570263508
2024-04-24 02:38:41+00:00,3168.6403993611934
2024-04-24 02:38:51+00:00,3165.5009541685554
2024-04-24 02:39:01+00:00,3162.3637599219314
2024-04-24 02:39:11+00:00,3159.548339154301
2024-04-24 02:39:21+00:00,3156.1916634229674
2024-04-24 02:39:31+00:00,3152.994022404843
2024-04-24 02:39:41+00:00,3150.137880784022
2024-04-24 02:39:51+00:00,3147.1076289051052
2024-04-24 02:40:01+00:00,3144.0751863756436
2024-04-24 02:40:11+00:00,3140.2079431659113
2024-04-24 02:40:21+00:00,3136.6080456320387
2024-04-24 02:40:31+00:00,3133.0622983731823
2024-04-24 02:40:41+00:00,3130.135393526332
2024-04-24 02:40:51+00:00,3128.1764310021545
2024-04-24 02:41:01+00:00,3126.2177248176545
2024-04-24 02:41:11+00:00,3122.981375113055
2024-04-24 02:41:21+00:00,3119.4321016685467
2024-04-24 02:41:31+00:00,3116.3228863322843
2024-04-24 02:41:41+00:00,3112.9678362880554
2024-04-24 02:41:51+00:00,3109.573335776489
2024-04-24 02:42:01+00:00,3106.176594967094
2024-04-24 02:42:11+00:00,3102.4775687605193
2024-04-24 02:42:21+00:00,3098.9230266465306
2024-04-24 02:42:31+00:00,3095.368510652486
2024-04-24 02:42:41+00:00,3092.451541621597
2024-04-24 02:42:51+00:00,3089.37252237687
2024-04-24 02:43:01+00:00,3086.199430426691
2024-04-24 02:43:11+00:00,3082.933237841
2024-04-24 02:43:21+00:00,3079.357756805105
2024-04-24 02:43:31+00:00,3076.31860747118
2024-04-24 02:43:41+00:00,3073.276626398972
2024-04-24 02:43:51+00:00,3069.891427070182
2024-04-24 02:44:01+00:00,3066.507194251884
2024-04-24 02:44:11+00:00,3063.8921176586737
2024-04-24 02:44:21+00:00,3060.366853247588
2024-04-24 02:44:31+00:00,3056.951336576619
2024-04-24 02:44:41+00:00,3053.9427515797875
2024-04-24 02:44:51+00:00,3050.623057975055
2024-04-24 02:45:01+00:00,3047.30454208284
2024-04-24 02:45:11+00:00,3043.762057989489
2024-04-24 02:45:21+00:00,3040.4683370934335
2024-04-24 02:45:31+00:00,3037.73402501239
2024-04-24 02:45:41+00:00,3034.3829487303096
2024-04-24 02:45:51+00:00,3030.9897094340417
2024-04-24 02:46:01+00:00,3027.596413282063
2024-04-24 02:46:11+00:00,3023.666503202983
2024-04-24 02:46:21+00:00,3020.4152715751934
2024-04-24 02:46:31+00:00,3016.8412002743094
2024-04-24 02:46:41+00:00,3013.280574168436
2024-04-24 02:46:51+00:00,3009.724115829956
2024-04-24 02:47:01+00:00,3006.168350501011
2024-04-24 02:47:11+00:00,3003.381819536138
2024-04-24 02:47:21+00:00,3000.2873059964445
2024-04-24 02:47:31+00:00,2997.5474258065055
2024-04-24 02:47:41+00:00,2994.916070660666
2024-04-24 02:47:51+00:00,2992.2247499583177
2024-04-24 02:48:01+00:00,2989.534965025992
2024-04-24 02:48:11+00:00,2987.018855291119
2024-04-24 02:48:21+00:00,2984.529583932185
2024-04-24 02:48:31+00:00,2981.9053343079554
2024-04-24 02:48:41+00:00,2979.7079571654285
2024-04-24 02:48:51+00:00,2977.506294644091
2024-04-24 02:49:01+00:00,2975.3104704917655
2024-04-24 02:49:11+00:00,2973.008055808768
2024-04-24 02:49:21+00:00,2971.173733128221
2024-04-24 02:49:31+00:00,2969.6564153265967
2024-04-24 02:49:41+00:00,2967.7698722269747
2024-04-24 02:49:51+00:00,2965.741190084022
2024-04-24 02:50:01+00:00,2963.715981663953
2024-04-24 02:50:11+00:00,2961.933090213685
2024-04-24 02:50:21+00:00,2960.4775097060688
2024-04-24 02:50:31+00:00,2958.944495394185
2024-04-24 02:50:41+00:00,2957.479202046467
2024-04-24 02:50:51+00:00,2956.091189881417
2024-04-24 02:51:01+00:00,2954.7047313922676
2024-04-24 02:51:11+00:00,2953.206218244544
2024-04-24 02:51:21+00:00,2951.589596389066
2024-04-24 02:51:31+00:00,2950.278186714832
2024-04-24 02:51:41+00:00,2949.10296407369
2024-04-24 02:51:51+00:00,2947.868512154105
2024-04-24 02:52:01+00:00,2946.6570739751546
2024-04-24 02:52:11+00:00,2945.3540155324918
2024-04-24 02:52:21+00:00,2944.0274669512046
2024-04-24 02:52:31+00:00,2942.9427709092015
2024-04-24 02:52:41+00:00,2942.0581532555166
2024-04-24 02:52:51+00:00,2941.1147682335636
2024-04-24 02:53:01+00:00,2940.1662076513862
2024-04-24 02:53:11+00:00,2939.3203001731963
2024-04-24 02:53:21+00:00,2938.4490898031545
2024-04-24 02:53:31+00:00,2937.6186669607014
2024-04-24 02:53:41+00:00,2936.7874843963505
2024-04-24 02:53:51+00:00,2935.7672747823426
2024-04-24 02:54:01+00:00,2934.7453795946576
2024-04-24 02:54:11+00:00,2933.860917974677
2024-04-24 02:54:21+00:00,2932.9416698425744
2024-04-24 02:54:31+00:00,2931.904504377898
2024-04-24 02:54:41+00:00,2930.6520740971246
2024-04-24 02:54:51+00:00,2929.7875907360935
2024-04-24 02:55:01+00:00,2928.9259869316684
2024-04-24 02:55:11+00:00,2927.8624228033395
2024-04-24 02:55:21+00:00,2926.440515060381
2024-04-24 02:55:31+00:00,2925.0141554595557
2024-04-24 02:55:41+00:00,2923.6445086943454
2024-04-24 02:55:51+00:00,2922.2893753271383
2024-04-24 02:56:01+00:00,2920.957847373309
2024-04-24 02:56:11+00:00,2919.5363871326767
2024-04-24 02:56:21+00:00,2918.373167187652
2024-04-24 02:56:31+00:00,2916.836122459895
2024-04-24 02:56:41+00:00,2915.4538825812624
2024-04-24 02:56:51+00:00,2914.086205592961
2024-04-24 02:57:01+00:00,2912.719118173171
2024-04-24 02:57:11+00:00,2911.353122068561
2024-04-24 02:57:21+00:00,2909.9906631115578
2024-04-24 02:57:31+00:00,2909.016209043953
2024-04-24 02:57:41+00:00,2907.826103861077
2024-04-24 02:57:51+00:00,2906.7024594464397
2024-04-24 02:58:01+00:00,2905.5768202124423
2024-04-24 02:58:11+00:00,2904.411152798707
2024-04-24 02:58:21+00:00,2903.5165506144035
2024-04-24 02:58:31+00:00,2902.718680657111
2024-04-24 02:58:41+00:00,2901.9045155119893
2024-04-24 02:58:51+00:00,2900.9139078298895
2024-04-24 02:59:01+00:00,2899.926859718707
2024-04-24 02:59:11+00:00,2898.8409033055027
2024-04-24 02:59:21+00:00,2897.793987663931
2024-04-24 02:59:31+00:00,2896.847428645099
2024-04-24 02:59:41+00:00,2895.9004752898068
2024-04-24 02:59:51+00:00,2894.5472695023454
2024-04-24 03:00:01+00:00,2893.1980772441493
2024-04-24 03:00:11+00:00,2892.1635113265525
2024-04-24 03:00:21+00:00,2891.2241793956437
2024-04-24 03:00:31+00:00,2890.270349499862
2024-04-24 03:00:41+00:00,2889.2136684284146
2024-04-24 03:00:51+00:00,2888.2426490157845
2024-04-24 03:01:01+00:00,2887.2693546017404
2024-04-24 03:01:11+00:00,2886.094465436724
2024-04-24 03:01:21+00:00,2885.1918301263786
2024-04-24 03:01:31+00:00,2884.159179992105
2024-04-24 03:01:41+00:00,2883.2237304300606
2024-04-24 03:01:51+00:00,2882.357941124442
2024-04-24 03:02:01+00:00,2881.4870121549807
2024-04-24 03:02:11+00:00,2880.618818537356
2024-04-24 03:02:21+00:00,2879.7563018290443
2024-04-24 03:02:31+00:00,2878.945643920652
2024-04-24 03:02:41+00:00,2878.2912917015333
2024-04-24 03:02:51+00:00,2877.645253643638
2024-04-24 03:03:01+00:00,2876.995214049826
2024-04-24 03:03:11+00:00,2876.438647451041
2024-04-24 03:03:21+00:00,2875.889022896848
2024-04-24 03:03:31+00:00,2874.881238480503
2024-04-24 03:03:41+00:00,2874.066826364116
2024-04-24 03:03:51+00:00,2873.60749400058
2024-04-24 03:04:01+00:00,2873.148289508724
2024-04-24 03:04:11+00:00,2872.7448244794145
2024-04-24 03:04:21+00:00,2872.496663650232
2024-04-24 03:04:31+00:00,2872.292219844685
2024-04-24 03:04:41+00:00,2872.2401699990387
2024-04-24 03:04:51+00:00,2872.154813319315
2024-04-24 03:05:01+00:00,2872.06275364547
2024-04-24 03:05:11+00:00,2872.0952716119336
2024-04-24 03:05:21+00:00,2872.125524114348
2024-04-24 03:05:31+00:00,2872.2023749284363
2024-04-24 03:05:41+00:00,2872.5613640893152
2024-04-24 03:05:51+00:00,2872.960672425453
2024-04-24 03:06:01+00:00,2873.3522891785083
2024-04-24 03:06:11+00:00,2873.964540936083
2024-04-24 03:06:21+00:00,2874.6913208037736
2024-04-24 03:06:31+00:00,2875.5806629406075
2024-04-24 03:06:41+00:00,2876.8249971912983
2024-04-24 03:06:51+00:00,2878.0675930958287
2024-04-24 03:07:01+00:00,2879.471288219834
2024-04-24 03:07:11+00:00,2880.8576715914805
2024-04-24 03:07:21+00:00,2883.069042449569
2024-04-24 03:07:31+00:00,2884.809195141597
2024-04-24 03:07:41+00:00,2886.918665490105
2024-04-24 03:07:51+00:00,2888.976349774663
2024-04-24 03:08:01+00:00,2891.0372279700664
2024-04-24 03:08:11+00:00,2893.397704855354
2024-04-24 03:08:21+00:00,2895.860603191304
2024-04-24 03:08:31+00:00,2898.544660878019
2024-04-24 03:08:41+00:00,2900.100407912804
2024-04-24 03:08:51+00:00,2903.044992948533
2024-04-24 03:09:01+00:00,2905.835902857608
2024-04-24 03:09:11+00:00,2908.617114997829
2024-04-24 03:09:21+00:00,2911.184929719552
2024-04-24 03:09:31+00:00,2914.3036601362955
2024-04-24 03:09:41+00:00,2917.2570172734945
2024-04-24 03:09:51+00:00,2919.862601679326
2024-04-24 03:10:01+00:00,2922.6420621036164
2024-04-24 03:10:11+00:00,2925.449339291699
2024-04-24 03:10:21+00:00,2929.09489831168
2024-04-24 03:10:31+00:00,2932.428541497956
2024-04-24 03:10:41+00:00,2935.717782062688
2024-04-24 03:10:51+00:00,2938.3780665156933
2024-04-24 03:11:01+00:00,2940.073933040972
2024-04-24 03:11:11+00:00,2941.735437850547
2024-04-24 03:11:21+00:00,2944.704544773793
2024-04-24 03:11:31+00:00,2947.9280555932983
2024-04-24 03:11:41+00:00,2950.724716071986
2024-04-24 03:11:51+00:00,2953.767671319903
2024-04-24 03:12:01+00:00,2956.846987426296
2024-04-24 03:12:11+00:00,2959.9002838680167
2024-04-24 03:12:21+00:00,2963.267426334826
2024-04-24 03:12:31+00:00,2966.5031508006546
2024-04-24 03:12:41+00:00,2969.7248388950825
2024-04-24 03:12:51+00:00,2972.334368272141
2024-04-24 03:13:01+00:00,2975.1058089441217
2024-04-24 03:13:11+00:00,2977.9327144335084
2024-04-24 03:13:21+00:00,2980.984282978992
2024-04-24 03:13:31+00:00,2984.316415457826
2024-04-24 03:13:41+00:00,2987.079358208279
2024-04-24 03:13:51+00:00,2989.8447390549227
2024-04-24 03:14:01+00:00,2992.9540863269835
2024-04-24 03:14:11+00:00,2996.1006431567293
2024-04-24 03:14:21+00:00,2998.5021841614307
2024-04-24 03:14:31+00:00,3001.782915473097
2024-04-24 03:14:41+00:00,3005.06103302519
2024-04-24 03:14:51+00:00,3007.923571703102
2024-04-24 03:15:01+00:00,3011.094790686533
2024-04-24 03:15:11+00:00,3014.2603335330446
2024-04-24 03:15:21+00:00,3017.6542524685333
2024-04-24 03:15:31+00:00,3020.801898576301
2024-04-24 03:15:41+00:00,3023.388575958561
2024-04-24 03:15:51+00:00,3026.5835146974973
2024-04-24 03:16:01+00:00,3029.8133371526774
2024-04-24 03:16:11+00:00,3033.065061382887
2024-04-24 03:16:21+00:00,3036.8498610693678
2024-04-24 03:16:31+00:00,3039.9592416148894
2024-04-24 03:16:41+00:00,3043.3952860596523
2024-04-24 03:16:51+00:00,3046.8221542628153
2024-04-24 03:17:01+00:00,3050.2496017700687
2024-04-24 03:17:11+00:00,3053.671025156936
2024-04-24 03:17:21+00:00,3056.297745246376
2024-04-24 03:17:31+00:00,3059.238391431271
2024-04-24 03:17:41+00:00,3061.8254804908483
2024-04-24 03:17:51+00:00,3064.3631772197677
2024-04-24 03:18:01+00:00,3066.9622999779726
2024-04-24 03:18:11+00:00,3069.570519472204
2024-04-24 03:18:21+00:00,3071.9792520186434
2024-04-24 03:18:31+00:00,3074.3613090120302
2024-04-24 03:18:41+00:00,3076.8741425740272
2024-04-24 03:18:51+00:00,3078.8468110475274
2024-04-24 03:19:01+00:00,3080.8285891685196
2024-04-24 03:19:11+00:00,3082.896624982696
2024-04-24 03:19:21+00:00,3085.0914672128893
2024-04-24 03:19:31+00:00,3086.8197395260445
2024-04-24 03:19:41+00:00,3088.2334285585
2024-04-24 03:19:51+00:00,3090.0127255526354
2024-04-24 03:20:01+00:00,3091.9342729561135
2024-04-24 03:20:11+00:00,3093.8550288100964
2024-04-24 03:20:21+00:00,3095.4042160511353
2024-04-24 03:20:31+00:00,3096.6665857162325
2024-04-24 03:20:41+00:00,3098.0323805287076
2024-04-24 03:20:51+00:00,3099.360909853845
2024-04-24 03:21:01+00:00,3100.6137020052897
2024-04-24 03:21:11+00:00,3101.886252464439
2024-04-24 03:21:21+00:00,3103.275053804751
2024-04-24 03:21:31+00:00,3104.7813791011213
2024-04-24 03:21:41+00:00,3105.987217133075
2024-04-24 03:21:51+00:00,3107.044569643453
2024-04-24 03:22:01+00:00,3108.153000167599
2024-04-24 03:22:11+00:00,3109.2673991145143
2024-04-24 03:22:21+00:00,3110.448997529334
2024-04-24 03:22:31+00:00,3111.6739528053536
2024-04-24 03:22:41+00:00,3112.6347467493147
2024-04-24 03:22:51+00:00,3113.3972266487294
2024-04-24 03:23:01+00:00,3114.2248025263098
2024-04-24 03:23:11+00:00,3115.068962232989
2024-04-24 03:23:21+00:00,3115.8090619476384
2024-04-24 03:23:31+00:00,3116.553971758257
2024-04-24 03:23:41+00:00,3117.2847740847265
2024-04-24 03:23:51+00:00,3118.0239819950916
2024-04-24 03:24:01+00:00,3118.9540592663066
2024-04-24 03:24:11+00:00,3119.88229605658
2024-04-24 03:24:21+00:00,3120.668440067616
2024-04-24 03:24:31+00:00,3121.487275686787
2024-04-24 03:24:41+00:00,3122.4371383792677
2024-04-24 03:24:51+00:00,3123.5646381741603
2024-04-24 03:25:01+00:00,3124.348191571279
2024-04-24 03:25:11+00:00,3125.129895405917
2024-04-24 03:25:21+00:00,3126.0845222191297
2024-04-24 03:25:31+00:00,3127.438455343312
2024-04-24 03:25:41+00:00,3128.808655225293
2024-04-24 03:25:51+00:00,3130.124367159749
2024-04-24 03:26:01+00:00,3131.4227214678704
2024-04-24 03:26:11+00:00,3132.7181856087545
2024-04-24 03:26:21+00:00,3134.10355647816
2024-04-24 03:26:31+00:00,3135.230540865166
2024-04-24 03:26:41+00:00,3136.7329911709116
2024-04-24 03:26:51+00:00,3138.0797103237487
2024-04-24 03:27:01+00:00,3139.4140418830084
2024-04-24 03:27:11+00:00,3140.7768989001743
2024-04-24 03:27:21+00:00,3142.1353858875805
2024-04-24 03:27:31+00:00,3143.497879235876
2024-04-24 03:27:41+00:00,3144.489760008249
2024-04-24 03:27:51+00:00,3145.674131888318
2024-04-24 03:28:01+00:00,3146.793810085735
2024-04-24 03:28:11+00:00,3147.9123386156516
2024-04-24 03:28:21+00:00,3149.073883692011
2024-04-24 03:28:31+00:00,3149.9961567747655
2024-04-24 03:28:41+00:00,3150.8533613396407
2024-04-24 03:28:51+00:00,3151.7102185576855
2024-04-24 03:29:01+00:00,3152.734148234359
2024-04-24 03:29:11+00:00,3153.7419223638512
2024-04-24 03:29:21+00:00,3154.851063041729
2024-04-24 03:29:31+00:00,3155.9904954633644
2024-04-24 03:29:41+00:00,3157.040860887036
2024-04-24 03:29:51+00:00,3158.0730910420584
2024-04-24 03:30:01+00:00,3159.5149306110693
2024-04-24 03:30:11+00:00,3160.961780178539
2024-04-24 03:30:21+00:00,3162.0925132317457
2024-04-24 03:30:31+00:00,3163.1256319954837
2024-04-24 03:30:41+00:00,3164.1676924770686
2024-04-24 03:30:51+00:00,3165.3226097948977
2024-04-24 03:31:01+00:00,3166.395317612961
2024-04-24 03:31:11+00:00,3167.477481727069
2024-04-24 03:31:21+00:00,3168.7596794463816
2024-04-24 03:31:31+00:00,3169.781039957989
2024-04-24 03:31:41+00:00,3170.9407297073176
2024-04-24 03:31:51+00:00,3171.9760612939085
2024-04-24 03:32:01+00:00,3172.9444130355473
2024-04-24 03:32:11+00:00,3173.913675482978
2024-04-24 03:32:21+00:00,3174.8864659034693
2024-04-24 03:32:31+00:00,3175.860365185978
2024-04-24 03:32:41+00:00,3176.785370206268
2024-04-24 03:32:51+00:00,3177.554625455649
2024-04-24 03:33:01+00:00,3178.3268802541793
2024-04-24 03:33:11+00:00,3179.1041317128174
2024-04-24 03:33:21+00:00,3179.8030264370113
2024-04-24 03:33:31+00:00,3180.4904982386297
2024-04-24 03:33:41+00:00,3181.6360415126683
2024-04-24 03:33:51+00:00,3182.668143068445
2024-04-24 03:34:01+00:00,3183.4267875862433
2024-04-24 03:34:11+00:00,3184.1764557639117
2024-04-24 03:34:21+00:00,3184.864424774591
2024-04-24 03:34:31+00:00,3185.398886163655
2024-04-24 03:34:41+00:00,3185.9897632381135
2024-04-24 03:34:51+00:00,3186.446817974743
2024-04-24 03:35:01+00:00,3186.926593999566
2024-04-24 03:35:11+00:00,3187.407017099856
2024-04-24 03:35:21+00:00,3187.8982223099006
2024-04-24 03:35:31+00:00,3188.4211204136795
2024-04-24 03:35:41+00:00,3188.9694873628923
2024-04-24 03:35:51+00:00,3189.5154468116602
2024-04-24 03:36:01+00:00,3190.028138550329
2024-04-24 03:36:11+00:00,3190.573746155171
2024-04-24 03:36:21+00:00,3191.087903585903
2024-04-24 03:36:31+00:00,3191.701828777843
2024-04-24 03:36:41+00:00,3192.3976752334943
2024-04-24 03:36:51+00:00,3192.960920546019
2024-04-24 03:37:01+00:00,3193.526156842544
2024-04-24 03:37:11+00:00,3194.059308876942
2024-04-24 03:37:21+00:00,3194.626073592282
2024-04-24 03:37:31+00:00,3194.8447889142294
2024-04-24 03:37:41+00:00,3195.1757072562045
2024-04-24 03:37:51+00:00,3195.5556699156245
2024-04-24 03:38:01+00:00,3196.0473272998347
2024-04-24 03:38:11+00:00,3196.543263036028
2024-04-24 03:38:21+00:00,3196.7741521951048
2024-04-24 03:38:31+00:00,3197.0322622890603
2024-04-24 03:38:41+00:00,3197.284150472334
2024-04-24 03:38:51+00:00,3197.5263513202735
2024-04-24 03:39:01+00:00,3197.719122895384
2024-04-24 03:39:11+00:00,3197.921945481768
2024-04-24 03:39:21+00:00,3198.135336149138
2024-04-24 03:39:31+00:00,3198.2444212309415
2024-04-24 03:39:41+00:00,3198.3424715125666
2024-04-24 03:39:51+00:00,3198.4469026524916
2024-04-24 03:40:01+00:00,3198.5512784468924
2024-04-24 03:40:11+00:00,3198.6546528018202
2024-04-24 03:40:21+00:00,3198.7356287667153
2024-04-24 03:40:31+00:00,3198.8154233936634
2024-04-24 03:40:41+00:00,3198.942901152638
2024-04-24 03:40:51+00:00,3199.0721547079224
2024-04-24 03:41:01+00:00,3199.2076898781493
2024-04-24 03:41:11+00:00,3199.3383237327184
2024-04-24 03:41:21+00:00,3199.4980433466408
2024-04-24 03:41:31+00:00,3199.6222627370357
2024-04-24 03:41:41+00:00,3199.7996946768676
2024-04-24 03:41:51+00:00,3199.9624751740107
2024-04-24 03:42:01+00:00,3200.1248724841385
2024-04-24 03:42:11+00:00,3200.2860903966907
2024-04-24 03:42:21+00:00,3200.4751269539256
2024-04-24 03:42:31+00:00,3200.649972397845
2024-04-24 03:42:41+00:00,3200.869732198793
2024-04-24 03:42:51+00:00,3201.0998953763346
2024-04-24 03:43:01+00:00,3201.304446011417
2024-04-24 03:43:11+00:00,3201.4905593018393
2024-04-24 03:43:21+00:00,3201.711740357503
2024-04-24 03:43:31+00:00,3201.783290431312
2024-04-24 03:43:41+00:00,3201.8825233913954
2024-04-24 03:43:51+00:00,3202.0265361007127
2024-04-24 03:44:01+00:00,3202.171909585713
2024-04-24 03:44:11+00:00,3202.316580285934
2024-04-24 03:44:21+00:00,3202.4238147784336
2024-04-24 03:44:31+00:00,3202.5050512073235
2024-04-24 03:44:41+00:00,3202.61414967416
2024-04-24 03:44:51+00:00,3202.610054522754
2024-04-24 03:45:01+00:00,3202.6126405514947
2024-04-24 03:45:11+00:00,3202.614434900914
2024-04-24 03:45:21+00:00,3202.626842014762
2024-04-24 03:45:31+00:00,3202.6395056329998
2024-04-24 03:45:41+00:00,3202.6531282474393
2024-04-24 03:45:51+00:00,3202.6695812788703
2024-04-24 03:46:01+00:00,3202.69300646905
2024-04-24 03:46:11+00:00,3202.7249068087453
2024-04-24 03:46:21+00:00,3202.754878621663
2024-04-24 03:46:31+00:00,3202.779981511301
2024-04-24 03:46:41+00:00,3202.8026001414532
2024-04-24 03:46:51+00:00,3202.8361606441217
2024-04-24 03:47:01+00:00,3202.864568415146
2024-04-24 03:47:11+00:00,3202.903037019544
2024-04-24 03:47:21+00:00,3202.947399190591
2024-04-24 03:47:31+00:00,3203.016751807025
2024-04-24 03:47:41+00:00,3203.0847356968316
2024-04-24 03:47:51+00:00,3203.15554186724
2024-04-24 03:48:01+00:00,3203.1651224495745
2024-04-24 03:48:11+00:00,3203.176607620663
2024-04-24 03:48:21+00:00,3203.174657580843
2024-04-24 03:48:31+00:00,3203.1947172795994
2024-04-24 03:48:41+00:00,3203.2008189405083
2024-04-24 03:48:51+00:00,3203.2077475028345
2024-04-24 03:49:01+00:00,3203.323195284577
2024-04-24 03:49:11+00:00,3203.442031143196
2024-04-24 03:49:21+00:00,3203.4695494822263
2024-04-24 03:49:31+00:00,3203.479602404268
2024-04-24 03:49:41+00:00,3203.4890056578784
2024-04-24 03:49:51+00:00,3203.5122939358093
2024-04-24 03:50:01+00:00,3203.560904514608
2024-04-24 03:50:11+00:00,3203.6067589510444
2024-04-24 03:50:21+00:00,3203.652493790467
2024-04-24 03:50:31+00:00,3203.8309537761716
2024-04-24 03:50:41+00:00,3203.966830378945
2024-04-24 03:50:51+00:00,3204.072529499481
2024-04-24 03:51:01+00:00,3204.1496397355386
2024-04-24 03:51:11+00:00,3204.2273808963896
2024-04-24 03:51:21+00:00,3204.2788832632236
2024-04-24 03:51:31+00:00,3204.3301348259256
2024-04-24 03:51:41+00:00,3204.382523252713
2024-04-24 03:51:51+00:00,3204.4388416519946
2024-04-24 03:52:01+00:00,3204.5063379835824
2024-04-24 03:52:11+00:00,3204.574264776652
2024-04-24 03:52:21+00:00,3204.6406122239805
2024-04-24 03:52:31+00:00,3204.722307795354
2024-04-24 03:52:41+00:00,3204.7931800857564
2024-04-24 03:52:51+00:00,3204.8889851625695
2024-04-24 03:53:01+00:00,3204.9752159369423
2024-04-24 03:53:11+00:00,3205.055346424898
2024-04-24 03:53:21+00:00,3205.121713854638
2024-04-24 03:53:31+00:00,3205.192242383224
2024-04-24 03:53:41+00:00,3205.284569439536
2024-04-24 03:53:51+00:00,3205.350526605058
2024-04-24 03:54:01+00:00,3205.4155618481213
2024-04-24 03:54:11+00:00,3205.478230266616
2024-04-24 03:54:21+00:00,3205.5421298215356
2024-04-24 03:54:31+00:00,3205.6100648900415
2024-04-24 03:54:41+00:00,3205.6799255041883
2024-04-24 03:54:51+00:00,3205.7511278994007
2024-04-24 03:55:01+00:00,3205.8450230517296
2024-04-24 03:55:11+00:00,3205.941039005865
2024-04-24 03:55:21+00:00,3206.0382894208255
2024-04-24 03:55:31+00:00,3206.162006626218
2024-04-24 03:55:41+00:00,3206.2460737865745
2024-04-24 03:55:51+00:00,3206.3263346439117
2024-04-24 03:56:01+00:00,3206.4039369460247
2024-04-24 03:56:11+00:00,3206.4798514786958
2024-04-24 03:56:21+00:00,3206.512348471199
2024-04-24 03:56:31+00:00,3206.5429564025994
2024-04-24 03:56:41+00:00,3206.572945811091
2024-04-24 03:56:51+00:00,3206.6040651737044
2024-04-24 03:57:01+00:00,3206.645639617602
2024-04-24 03:57:11+00:00,3206.6865156971025
2024-04-24 03:57:21+00:00,3206.69816524087
2024-04-24 03:57:31+00:00,3206.7139673336687
2024-04-24 03:57:41+00:00,3206.7220865192958
2024-04-24 03:57:51+00:00,3206.72989190158
2024-04-24 03:58:01+00:00,3206.745881354207
2024-04-24 03:58:11+00:00,3206.7621881954888
2024-04-24 03:58:21+00:00,3206.78361917653
2024-04-24 03:58:31+00:00,3206.802436101986
2024-04-24 03:58:41+00:00,3206.8206471715803
2024-04-24 03:58:51+00:00,3206.8405804042955
2024-04-24 03:59:01+00:00,3206.8689365168616
2024-04-24 03:59:11+00:00,3206.900627489019
2024-04-24 03:59:21+00:00,3206.9479278977014
2024-04-24 03:59:31+00:00,3206.9946823454475
2024-04-24 03:59:41+00:00,3207.037025239091
2024-04-24 03:59:51+00:00,3207.0606895277847
2024-04-24 04:00:01+00:00,3207.103690616978
2024-04-24 04:00:11+00:00,3207.1559765939696
2024-04-24 04:00:21+00:00,3207.172892502588
2024-04-24 04:00:31+00:00,3207.1933777084528
2024-04-24 04:00:41+00:00,3207.206823109989
2024-04-24 04:00:51+00:00,3207.229792605994
2024-04-24 04:01:01+00:00,3207.2555281983227
2024-04-24 04:01:11+00:00,3207.2800080403204
2024-04-24 04:01:21+00:00,3207.2716828740745
2024-04-24 04:01:31+00:00,3207.2585972664556
2024-04-24 04:01:41+00:00,3207.2449780147153
2024-04-24 04:01:51+00:00,3207.221748693831
2024-04-24 04:02:01+00:00,3207.221556522044
2024-04-24 04:02:11+00:00,3207.2280422934173
2024-04-24 04:02:21+00:00,3207.222210710693
2024-04-24 04:02:31+00:00,3207.1873176161325
2024-04-24 04:02:41+00:00,3207.1518621087016
2024-04-24 04:02:51+00:00,3207.1163793782844
2024-04-24 04:03:01+00:00,3207.083429307193
2024-04-24 04:03:11+00:00,3207.036026664199
2024-04-24 04:03:21+00:00,3206.978927247285
2024-04-24 04:03:31+00:00,3206.919621561384
2024-04-24 04:03:41+00:00,3206.8726916893925
2024-04-24 04:03:51+00:00,3206.8244224737377
2024-04-24 04:04:01+00:00,3206.7825146965138
2024-04-24 04:04:11+00:00,3206.7244995815327
2024-04-24 04:04:21+00:00,3206.6773184937956
2024-04-24 04:04:31+00:00,3206.630629301025
2024-04-24 04:04:41+00:00,3206.5847598984865
2024-04-24 04:04:51+00:00,3206.5002146269117
2024-04-24 04:05:01+00:00,3206.4154573335695
2024-04-24 04:05:11+00:00,3206.2958741024117
2024-04-24 04:05:21+00:00,3206.17458750519
2024-04-24 04:05:31+00:00,3206.049147140809
2024-04-24 04:05:41+00:00,3205.8539711650274
2024-04-24 04:05:51+00:00,3205.6497061952346
2024-04-24 04:06:01+00:00,3205.4600583329693
2024-04-24 04:06:11+00:00,3205.2714652479503
2024-04-24 04:06:21+00:00,3205.0595734593835
2024-04-24 04:06:31+00:00,3204.8901844268785
2024-04-24 04:06:41+00:00,3204.7042461922733
2024-04-24 04:06:51+00:00,3204.4985562392044
2024-04-24 04:07:01+00:00,3204.292951361464
2024-04-24 04:07:11+00:00,3204.0889104217513
2024-04-24 04:07:21+00:00,3203.8855177592786
2024-04-24 04:07:31+00:00,3203.6663216237957
2024-04-24 04:07:41+00:00,3203.4514784472153
2024-04-24 04:07:51+00:00,3203.2446623457954
2024-04-24 04:08:01+00:00,3203.0411849865113
2024-04-24 04:08:11+00:00,3202.828498159765
2024-04-24 04:08:21+00:00,3202.6076668455526
2024-04-24 04:08:31+00:00,3202.3521447379558
2024-04-24 04:08:41+00:00,3202.0952163055413
2024-04-24 04:08:51+00:00,3201.840338422274
2024-04-24 04:09:01+00:00,3201.5847413986517
2024-04-24 04:09:11+00:00,3201.3290313788534
2024-04-24 04:09:21+00:00,3201.0376495698006
2024-04-24 04:09:31+00:00,3200.744505061997
2024-04-24 04:09:41+00:00,3200.4461591090226
2024-04-24 04:09:51+00:00,3200.149395972127
2024-04-24 04:10:01+00:00,3199.84863280674
2024-04-24 04:10:11+00:00,3199.5356587630718
2024-04-24 04:10:21+00:00,3199.2236596899506
2024-04-24 04:10:31+00:00,3198.9075069354444
2024-04-24 04:10:41+00:00,3198.5955256078037
2024-04-24 04:10:51+00:00,3198.2802260792623
2024-04-24 04:11:01+00:00,3197.9602029870966
2024-04-24 04:11:11+00:00,3197.624103485119
2024-04-24 04:11:21+00:00,3197.290729167862
2024-04-24 04:11:31+00:00,3196.9658703380446
2024-04-24 04:11:41+00:00,3196.6434458082235
2024-04-24 04:11:51+00:00,3196.3157227354695
2024-04-24 04:12:01+00:00,3195.9882141758703
2024-04-24 04:12:11+00:00,3195.6616800629395
2024-04-24 04:12:21+00:00,3195.3374468498646
2024-04-24 04:12:31+00:00,3195.053591073312
2024-04-24 04:12:41+00:00,3194.770090401685
2024-04-24 04:12:51+00:00,3194.4530321615907
2024-04-24 04:13:01+00:00,3194.139373159691
2024-04-24 04:13:11+00:00,3193.822959617257
2024-04-24 04:13:21+00:00,3193.525183798481
2024-04-24 04:13:31+00:00,3193.2292931889615
2024-04-24 04:13:41+00:00,3192.948248310044
2024-04-24 04:13:51+00:00,3192.6696642975744
2024-04-24 04:14:01+00:00,3192.391501500752
2024-04-24 04:14:11+00:00,3192.117569382246
2024-04-24 04:14:21+00:00,3191.8515968836746
2024-04-24 04:14:31+00:00,3191.5832923333455
2024-04-24 04:14:41+00:00,3191.317413592983
2024-04-24 04:14:51+00:00,3191.043721330478
2024-04-24 04:15:01+00:00,3190.769918880163
2024-04-24 04:15:11+00:00,3190.5033619850747
2024-04-24 04:15:21+00:00,3190.2509372780332
2024-04-24 04:15:31+00:00,3190.0030167738096
2024-04-24 04:15:41+00:00,3189.794730291365
2024-04-24 04:15:51+00:00,3189.5822829272597
2024-04-24 04:16:01+00:00,3189.367754199171
2024-04-24 04:16:11+00:00,3189.154221185155
2024-04-24 04:16:21+00:00,3188.9510325521633
2024-04-24 04:16:31+00:00,3188.7177539907816
2024-04-24 04:16:41+00:00,3188.4855126700136
2024-04-24 04:16:51+00:00,3188.256830886348
2024-04-24 04:17:01+00:00,3188.0182289200056
2024-04-24 04:17:11+00:00,3187.7793170457876
2024-04-24 04:17:21+00:00,3187.6595362547123
2024-04-24 04:17:31+00:00,3187.5369396524725
2024-04-24 04:17:41+00:00,3187.4123694225636
2024-04-24 04:17:51+00:00,3187.2783751302045
2024-04-24 04:18:01+00:00,3187.1441581134586
2024-04-24 04:18:11+00:00,3187.0110229423126
2024-04-24 04:18:21+00:00,3186.87752035342
2024-04-24 04:18:31+00:00,3186.743530414707
2024-04-24 04:18:41+00:00,3186.6148534458375
2024-04-24 04:18:51+00:00,3186.499185332337
2024-04-24 04:19:01+00:00,3186.38645953834
2024-04-24 04:19:11+00:00,3186.2706656463397
2024-04-24 04:19:21+00:00,3186.1469793211822
2024-04-24 04:19:31+00:00,3186.0195141095446
2024-04-24 04:19:41+00:00,3185.8909918303757
2024-04-24 04:19:51+00:00,3185.7650484419864
2024-04-24 04:20:01+00:00,3185.6249352654554
2024-04-24 04:20:11+00:00,3185.4844218401827
2024-04-24 04:20:21+00:00,3185.3380173102955
2024-04-24 04:20:31+00:00,3185.195174901655
2024-04-24 04:20:41+00:00,3185.049973156282
2024-04-24 04:20:51+00:00,3184.904653695116
2024-04-24 04:21:01+00:00,3184.763994013243
2024-04-24 04:21:11+00:00,3184.616999953262
2024-04-24 04:21:21+00:00,3184.460803852434
2024-04-24 04:21:31+00:00,3184.3106817405023
2024-04-24 04:21:41+00:00,3184.160392103094
2024-04-24 04:21:51+00:00,3184.0131040566603
2024-04-24 04:22:01+00:00,3183.87105167747
2024-04-24 04:22:11+00:00,3183.72441216695
2024-04-24 04:22:21+00:00,3183.5828508749946
2024-04-24 04:22:31+00:00,3183.4407796150085
2024-04-24 04:22:41+00:00,3183.308416280851
2024-04-24 04:22:51+00:00,3183.179559421276
2024-04-24 04:23:01+00:00,3183.0465736595306
2024-04-24 04:23:11+00:00,3182.912657650804
2024-04-24 04:23:21+00:00,3182.780433870014
2024-04-24 04:23:31+00:00,3182.638581107945
2024-04-24 04:23:41+00:00,3182.5001860018288
2024-04-24 04:23:51+00:00,3182.3609006399256
2024-04-24 04:24:01+00:00,3182.2228959159147
2024-04-24 04:24:11+00:00,3182.0795152336627
2024-04-24 04:24:21+00:00,3181.9376541387737
2024-04-24 04:24:31+00:00,3181.7999113117517
2024-04-24 04:24:41+00:00,3181.66796774792
2024-04-24 04:24:51+00:00,3181.5517900511823
2024-04-24 04:25:01+00:00,3181.423115043881
2024-04-24 04:25:11+00:00,3181.2960591099504
2024-04-24 04:25:21+00:00,3181.1682260161438
2024-04-24 04:25:31+00:00,3181.0386262964307
2024-04-24 04:25:41+00:00,3180.903400220442
2024-04-24 04:25:51+00:00,3180.7665145238534
2024-04-24 04:26:01+00:00,3180.6296617008284
2024-04-24 04:26:11+00:00,3180.4722404977156
2024-04-24 04:26:21+00:00,3180.316085415348
2024-04-24 04:26:31+00:00,3180.178585382091
2024-04-24 04:26:41+00:00,3180.04200627145
2024-04-24 04:26:51+00:00,3179.907617291448
2024-04-24 04:27:01+00:00,3179.772250971138
2024-04-24 04:27:11+00:00,3179.63754880566
2024-04-24 04:27:21+00:00,3179.5038348826574
2024-04-24 04:27:31+00:00,3179.3703101364754
2024-04-24 04:27:41+00:00,3179.2386799388755
2024-04-24 04:27:51+00:00,3179.1006808216935
2024-04-24 04:28:01+00:00,3178.9626092269004
2024-04-24 04:28:11+00:00,3178.8237308103317
2024-04-24 04:28:21+00:00,3178.6854317545194
2024-04-24 04:28:31+00:00,3178.544244009757
2024-04-24 04:28:41+00:00,3178.4034035287705
2024-04-24 04:28:51+00:00,3178.2646042336214
2024-04-24 04:29:01+00:00,3178.126749062238
2024-04-24 04:29:11+00:00,3177.9884914581494
2024-04-24 04:29:21+00:00,3177.8516996254007
2024-04-24 04:29:31+00:00,3177.7157313779535
2024-04-24 04:29:41+00:00,3177.574427465779
2024-04-24 04:29:51+00:00,3177.431561663342
2024-04-24 04:30:01+00:00,3177.2962842913644
2024-04-24 04:30:11+00:00,3177.1648936328706
2024-04-24 04:30:21+00:00,3177.0248934941433
2024-04-24 04:30:31+00:00,3176.9117965710057
2024-04-24 04:30:41+00:00,3176.792096815732
2024-04-24 04:30:51+00:00,3176.67784899276
2024-04-24 04:31:01+00:00,3176.556606582964
2024-04-24 04:31:11+00:00,3176.4320341821713
2024-04-24 04:31:21+00:00,3176.304383202337
2024-04-24 04:31:31+00:00,3176.1952132609335
2024-04-24 04:31:41+00:00,3176.0814520695826
2024-04-24 04:31:51+00:00,3175.975131739616
2024-04-24 04:32:01+00:00,3175.878258131094
2024-04-24 04:32:11+00:00,3175.7764615681826
2024-04-24 04:32:21+00:00,3175.661779670923
2024-04-24 04:32:31+00:00,3175.558671643995
2024-04-24 04:32:41+00:00,3175.4811404944644
2024-04-24 04:32:51+00:00,3175.4030936205168
2024-04-24 04:33:01+00:00,3175.327282290218
2024-04-24 04:33:11+00:00,3175.249946837376
2024-04-24 04:33:21+00:00,3175.185106264553
2024-04-24 04:33:31+00:00,3175.130397764746
2024-04-24 04:33:41+00:00,3175.0733869059445
2024-04-24 04:33:51+00:00,3175.0181863068647
2024-04-24 04:34:01+00:00,3174.9618079166994
2024-04-24 04:34:11+00:00,3174.9074628936078
2024-04-24 04:34:21+00:00,3174.868201575997
2024-04-24 04:34:31+00:00,3174.827318033428
2024-04-24 04:34:41+00:00,3174.7816618279644
2024-04-24 04:34:51+00:00,3174.7360965657317
2024-04-24 04:35:01+00:00,3174.701640315058
2024-04-24 04:35:11+00:00,3174.666642387533
2024-04-24 04:35:21+00:00,3174.6648207235744
2024-04-24 04:35:31+00:00,3174.6787662650363
2024-04-24 04:35:41+00:00,3174.697445161934
2024-04-24 04:35:51+00:00,3174.7697396150693
2024-04-24 04:36:01+00:00,3174.8500353111076
2024-04-24 04:36:11+00:00,3174.927736965464
2024-04-24 04:36:21+00:00,3175.0052561766825
2024-04-24 04:36:31+00:00,3175.0797156444005
2024-04-24 04:36:41+00:00,3175.1015694365306
2024-04-24 04:36:51+00:00,3175.1476853241797
2024-04-24 04:37:01+00:00,3175.1844439471743
2024-04-24 04:37:11+00:00,3175.2192263621414
2024-04-24 04:37:21+00:00,3175.2585022800336
2024-04-24 04:37:31+00:00,3175.3286339449282
2024-04-24 04:37:41+00:00,3175.398462106204
2024-04-24 04:37:51+00:00,3175.4666674670716
2024-04-24 04:38:01+00:00,3175.5270758761903
2024-04-24 04:38:11+00:00,3175.584342919149
2024-04-24 04:38:21+00:00,3175.6449075000637
2024-04-24 04:38:31+00:00,3175.7100531291267
2024-04-24 04:38:41+00:00,3175.7762909246744
2024-04-24 04:38:51+00:00,3175.8418631883947
2024-04-24 04:39:01+00:00,3175.9139734650826
2024-04-24 04:39:11+00:00,3175.9802074686077
2024-04-24 04:39:21+00:00,3176.040642856434
2024-04-24 04:39:31+00:00,3176.125492909265
2024-04-24 04:39:41+00:00,3176.1986248515277
2024-04-24 04:39:51+00:00,3176.2747979454257
2024-04-24 04:40:01+00:00,3176.350486312014
2024-04-24 04:40:11+00:00,3176.4297264873594
2024-04-24 04:40:21+00:00,3176.6066787118866
2024-04-24 04:40:31+00:00,3176.776264313757
2024-04-24 04:40:41+00:00,3176.942634865522
2024-04-24 04:40:51+00:00,3177.10382205205
2024-04-24 04:41:01+00:00,3177.2636211272406
2024-04-24 04:41:11+00:00,3177.421533371754
2024-04-24 04:41:21+00:00,3177.6048871825637
2024-04-24 04:41:31+00:00,3177.7934815302488
2024-04-24 04:41:41+00:00,3177.954496315884
2024-04-24 04:41:51+00:00,3178.1253300459725
2024-04-24 04:42:01+00:00,3178.3046577844943
2024-04-24 04:42:11+00:00,3178.4839515075387
2024-04-24 04:42:21+00:00,3178.6578863758314
2024-04-24 04:42:31+00:00,3178.831715313884
2024-04-24 04:42:41+00:00,3178.847870550141
2024-04-24 04:42:51+00:00,3178.8801035032457
2024-04-24 04:43:01+00:00,3178.911881385652
2024-04-24 04:43:11+00:00,3178.9438541795666
2024-04-24 04:43:21+00:00,3178.979395541536
2024-04-24 04:43:31+00:00,3179.0145951763343
2024-04-24 04:43:41+00:00,3179.048114814539
2024-04-24 04:43:51+00:00,3179.082986940956
2024-04-24 04:44:01+00:00,3179.1193451491545
2024-04-24 04:44:11+00:00,3179.157062923691
2024-04-24 04:44:21+00:00,3179.1938939895576
2024-04-24 04:44:31+00:00,3179.225767353185
2024-04-24 04:44:41+00:00,3179.262279109315
2024-04-24 04:44:51+00:00,3179.2981100826573
2024-04-24 04:45:01+00:00,3179.343528704561
2024-04-24 04:45:11+00:00,3179.3959787297044
2024-04-24 04:45:21+00:00,3179.450467234467
2024-04-24 04:45:31+00:00,3179.4937506416964
2024-04-24 04:45:41+00:00,3179.5328740470636
2024-04-24 04:45:51+00:00,3179.5339852677566
2024-04-24 04:46:01+00:00,3179.5398819129528
2024-04-24 04:46:11+00:00,3179.556095840605
2024-04-24 04:46:21+00:00,3179.5791681729197
2024-04-24 04:46:31+00:00,3179.592797109481
2024-04-24 04:46:41+00:00,3179.617528628036
2024-04-24 04:46:51+00:00,3179.6435274509477
2024-04-24 04:47:01+00:00,3179.6618919312486
2024-04-24 04:47:11+00:00,3179.678315688119
2024-04-24 04:47:21+00:00,3179.7012697823784
2024-04-24 04:47:31+00:00,3179.6038257656105
2024-04-24 04:47:41+00:00,3179.515807481807
2024-04-24 04:47:51+00:00,3179.477648439696
2024-04-24 04:48:01+00:00,3179.4485873919557
2024-04-24 04:48:11+00:00,3179.436974839036
2024-04-24 04:48:21+00:00,3179.4335563844643
2024-04-24 04:48:31+00:00,3179.4412615097403
2024-04-24 04:48:41+00:00,3179.4899065588947
2024-04-24 04:48:51+00:00,3179.5308264000414
2024-04-24 04:49:01+00:00,3179.5631276441795
2024-04-24 04:49:11+00:00,3179.607907713931
2024-04-24 04:49:21+00:00,3179.660156279605
2024-04-24 04:49:31+00:00,3179.719398681033
2024-04-24 04:49:41+00:00,3179.772468672229
2024-04-24 04:49:51+00:00,3179.818988208693
2024-04-24 04:50:01+00:00,3179.857211621917
2024-04-24 04:50:11+00:00,3179.8894524065386
2024-04-24 04:50:21+00:00,3179.918161911564
2024-04-24 04:50:31+00:00,3179.9650183892236
2024-04-24 04:50:41+00:00,3180.006185567053
2024-04-24 04:50:51+00:00,3180.064184255644
2024-04-24 04:51:01+00:00,3180.1216149155553
2024-04-24 04:51:11+00:00,3180.1818676207877
2024-04-24 04:51:21+00:00,3180.2450628846605
2024-04-24 04:51:31+00:00,3180.318943444691
2024-04-24 04:51:41+00:00,3180.3966405482793
2024-04-24 04:51:51+00:00,3180.469774139202
2024-04-24 04:52:01+00:00,3180.5395123073426
2024-04-24 04:52:11+00:00,3180.6117739643673
2024-04-24 04:52:21+00:00,3180.702294479597
2024-04-24 04:52:31+00:00,3180.792572926685
2024-04-24 04:52:41+00:00,3180.879423218848
2024-04-24 04:52:51+00:00,3180.9536726390165
2024-04-24 04:53:01+00:00,3181.018009773077
2024-04-24 04:53:11+00:00,3181.084897713829
2024-04-24 04:53:21+00:00,3181.155677368143
2024-04-24 04:53:31+00:00,3181.2249878229727
2024-04-24 04:53:41+00:00,3181.304158819597
2024-04-24 04:53:51+00:00,3181.377645064337
2024-04-24 04:54:01+00:00,3181.453794179019
2024-04-24 04:54:11+00:00,3181.5283410528345
2024-04-24 04:54:21+00:00,3181.5929979536795
2024-04-24 04:54:31+00:00,3181.650804755608
2024-04-24 04:54:41+00:00,3181.710072940627
2024-04-24 04:54:51+00:00,3181.7628020565494
2024-04-24 04:55:01+00:00,3181.803408137403
2024-04-24 04:55:11+00:00,3181.845534122301
2024-04-24 04:55:21+00:00,3181.8936754785054
2024-04-24 04:55:31+00:00,3181.9498664418065
2024-04-24 04:55:41+00:00,3182.0108378240307
2024-04-24 04:55:51+00:00,3182.07373963679
2024-04-24 04:56:01+00:00,3182.138028959293
2024-04-24 04:56:11+00:00,3182.2152411943644
2024-04-24 04:56:21+00:00,3182.3098724218453
2024-04-24 04:56:31+00:00,3182.4038325594556
2024-04-24 04:56:41+00:00,3182.502503202353
2024-04-24 04:56:51+00:00,3182.5984818972597
2024-04-24 04:57:01+00:00,3182.697035111569
2024-04-24 04:57:11+00:00,3182.7960732429424
2024-04-24 04:57:21+00:00,3182.891793307196
2024-04-24 04:57:31+00:00,3182.98946307324
2024-04-24 04:57:41+00:00,3183.0857832915526
2024-04-24 04:57:51+00:00,3183.1832051876627
2024-04-24 04:58:01+00:00,3183.2884006081767
2024-04-24 04:58:11+00:00,3183.3966079381494
2024-04-24 04:58:21+00:00,3183.5053239751355
2024-04-24 04:58:31+00:00,3183.621617514378
2024-04-24 04:58:41+00:00,3183.7376863973427
2024-04-24 04:58:51+00:00,3183.854279087898
2024-04-24 04:59:01+00:00,3183.9735949198534
2024-04-24 04:59:11+00:00,3184.098359201155
2024-04-24 04:59:21+00:00,3184.199653713152
2024-04-24 04:59:31+00:00,3184.2934564488924
2024-04-24 04:59:41+00:00,3184.385354845638
2024-04-24 04:59:51+00:00,3184.477133481083
